用户ID,用户姓名,商品ID,商品名称,商品类别,单价,购买时间,购买数量,消费金额,用户城市,用户性别,用户年龄
U9712,高轮贵,P21419,办公椅,家居,1958.29,2024-09-04 04:38:21,5,9791.45,深圳,女,43
U5473,苏坚祥,P28659,跑步鞋,运动,323.22,2024-01-21 20:29:25,3,969.66,苏州,女,65
U5861,王中壮,P73040,面霜,美妆,414.22,2024-10-25 11:56:25,4,1656.88,北京,女,32
U4107,彭清建,P45531,香水,美妆,213.0,2024-03-09 02:29:19,4,852.0,上海,男,31
U1194,闵轮泰,P43243,智能手机,电子产品,3243.53,2024-05-01 14:44:47,3,9730.59,北京,男,30
U8200,郑河,P27209,牛仔裤,服装,87.91,2024-07-02 07:36:25,5,439.55,北京,女,33
U9537,卢仁发,P18122,桌游,玩具,659.28,2024-05-17 05:27:19,3,1977.84,苏州,女,37
U6259,喻世,P94460,心理学,书籍,792.24,2024-09-14 16:42:29,1,792.24,西安,男,19
U5160,祁雄,P82535,卫衣,服装,564.64,2024-08-14 00:22:32,4,2258.56,重庆,男,20
U5236,贾梁学,P46972,卫衣,服装,86.33,2024-05-29 07:19:46,5,431.65,西安,女,65
U2584,孔家鹏,P75039,技术教材,书籍,391.79,2024-11-05 00:25:22,1,391.79,西安,女,18
U9846,诸全伯,P29393,漫画,书籍,980.78,2024-04-24 11:58:29,3,2942.34,北京,男,63
U6897,章元宏,P45948,四件套,家居,3584.23,2024-12-26 17:37:00,4,14336.92,杭州,男,48
U9513,梁利腾,P21647,充电宝,电子产品,1107.3,2024-11-03 13:39:58,5,5536.5,杭州,男,42
U7726,伍发泽,P53070,平板电脑,电子产品,936.02,2024-05-27 14:15:07,4,3744.08,广州,男,29
U2711,贾宁,P11679,蓝牙耳机,电子产品,7204.43,2024-07-07 00:36:13,5,36022.15,广州,男,55
U4786,郁发良,P47424,历史书籍,书籍,874.81,2024-03-08 02:51:04,2,1749.62,南京,女,47
U7464,梅树,P59367,瑜伽垫,运动,137.46,2024-12-20 11:56:00,5,687.3,天津,男,45
U3167,窦楠,P27844,山地车,运动,531.83,2024-09-30 09:32:06,3,1595.49,南京,男,37
U3822,汪国中,P28958,拼图,玩具,147.16,2024-05-06 21:40:52,4,588.64,西安,女,31
U3522,邱克全,P42466,智能手表,电子产品,4808.37,2024-03-25 08:13:26,1,4808.37,北京,女,59
U6913,谢民,P29473,时尚杂志,书籍,49.18,2024-11-21 05:38:05,4,196.72,深圳,男,57
U1649,水力,P67309,连衣裙,服装,634.01,2024-12-04 03:22:55,3,1902.03,深圳,女,56
U9578,秦航,P59271,餐桌,家居,757.6,2024-03-14 21:46:43,1,757.6,南京,男,42
U3850,贲榕,P54182,智能手表,电子产品,3318.28,2024-06-07 11:10:31,3,9954.84,成都,女,37
U5644,茅榕,P55698,跳绳,运动,292.56,2024-04-08 21:31:38,1,292.56,深圳,女,27
U3072,童国军,P60215,四件套,家居,1471.11,2024-12-01 08:07:03,4,5884.44,杭州,男,33
U4589,凌伦天,P30435,粉底液,美妆,427.2,2024-08-16 07:33:01,4,1708.8,北京,男,19
U3328,臧豪乐,P54132,口红,美妆,665.32,2024-08-29 11:35:36,5,3326.6,天津,女,48
U6343,戚腾裕,P67536,抱枕,家居,3215.16,2024-05-27 06:13:32,3,9645.48,武汉,女,55
U1684,花成民,P82426,瑜伽垫,运动,502.35,2024-01-07 01:46:21,5,2511.75,苏州,男,54
U6807,刁刚,P87620,哑铃,运动,340.71,2024-12-29 05:58:05,3,1022.13,天津,女,23
U4860,胡利,P61016,牛仔裤,服装,753.56,2024-12-06 21:59:24,2,1507.12,重庆,女,57
U5652,毕邦时,P74320,变形金刚,玩具,353.77,2024-12-12 09:14:53,3,1061.31,杭州,男,47
U7642,石旭林,P66821,蓝牙耳机,电子产品,8194.7,2024-10-23 15:32:39,4,32778.8,重庆,女,36
U5323,窦友磊,P98009,人物传记,书籍,769.53,2024-04-28 08:14:22,2,1539.06,武汉,男,36
U3573,季刚榕,P23822,抱枕,家居,583.26,2024-07-20 22:46:06,5,2916.3,南京,女,60
U2610,唐雄,P40922,台灯,家居,669.53,2024-07-15 09:53:23,5,3347.65,上海,女,61
U7013,石豪和,P70039,历史书籍,书籍,636.73,2024-04-08 21:08:19,1,636.73,苏州,男,57
U7632,水冠先,P81427,运动鞋,服装,530.36,2024-08-28 18:58:57,3,1591.08,武汉,男,52
U6412,虞宏,P90435,人物传记,书籍,386.22,2024-11-28 11:41:41,1,386.22,武汉,男,33
U4734,郭轮,P77889,智能手表,电子产品,4109.35,2024-08-31 23:56:27,5,20546.75,苏州,女,51
U8362,袁风,P35905,时尚杂志,书籍,78.07,2024-12-11 00:43:11,4,312.28,广州,女,36
U6545,孔军,P42925,乐高积木,玩具,991.87,2024-09-07 01:18:04,3,2975.61,北京,男,46
U6773,尤以振,P62374,哑铃,运动,472.14,2024-12-17 16:29:34,1,472.14,武汉,男,35
U8353,倪民世,P47504,山地车,运动,529.79,2024-11-14 18:28:12,2,1059.58,武汉,女,54
U4296,于启辰,P48560,瑜伽垫,运动,893.04,2024-08-12 18:15:55,1,893.04,成都,女,21
U4736,常友家,P28457,化妆刷套装,美妆,343.97,2024-03-07 13:20:15,4,1375.88,武汉,女,47
U1397,马林厚,P66623,洗发水,美妆,788.49,2024-03-30 04:11:01,1,788.49,西安,男,56
U6949,凌武,P84790,平板电脑,电子产品,5008.43,2024-02-05 15:06:51,5,25042.15,天津,女,48
U5610,包岩民,P37303,人物传记,书籍,769.25,2024-12-10 06:25:10,5,3846.25,广州,女,26
U5850,俞进,P86442,四件套,家居,4407.25,2024-11-21 08:17:24,4,17629.0,重庆,男,50
U6683,席健强,P80984,拼图,玩具,475.41,2024-09-21 21:47:24,4,1901.64,重庆,男,49
U1070,蔡震,P64838,技术教材,书籍,285.08,2024-05-04 18:05:43,1,285.08,杭州,女,54
U4940,麻群晨,P59187,办公椅,家居,4495.87,2024-12-29 01:17:11,2,8991.74,武汉,男,28
U7392,黄良广,P87182,山地车,运动,475.14,2024-03-11 18:19:57,2,950.28,南京,男,40
U6789,鲍兴江,P10043,笔记本电脑,电子产品,9090.31,2024-01-02 16:59:43,1,9090.31,深圳,男,50
U9428,张翔启,P65373,蓝牙耳机,电子产品,8634.45,2024-08-23 15:49:47,4,34537.8,广州,女,63
U2255,岑厚安,P87703,粉底液,美妆,148.76,2024-05-16 14:48:35,1,148.76,重庆,男,57
U8666,虞诚,P28756,四件套,家居,3908.01,2024-10-20 14:40:53,4,15632.04,天津,女,27
U4992,沈钧涛,P41930,运动鞋,服装,89.06,2024-04-21 05:08:32,1,89.06,苏州,女,48
U8034,魏宁河,P87175,卫衣,服装,494.43,2024-06-08 09:36:34,1,494.43,天津,男,36
U3441,曹辉志,P24085,桌游,玩具,247.47,2024-02-04 02:35:12,3,742.41,苏州,女,52
U2556,舒士松,P87772,餐桌,家居,2821.56,2024-01-13 01:08:30,3,8464.68,深圳,女,53
U8467,单固新,P47618,智能手表,电子产品,7451.49,2024-01-15 10:30:41,3,22354.47,西安,男,33
U6843,项榕和,P67744,人物传记,书籍,598.94,2024-07-02 16:02:54,1,598.94,武汉,女,37
U9636,姚信勇,P18764,篮球,运动,879.55,2024-05-05 01:26:18,5,4397.75,北京,男,45
U5721,解亨晨,P67016,芭比娃娃,玩具,506.77,2024-03-18 21:43:30,3,1520.31,重庆,男,32
U2674,酆子振,P23807,运动鞋,服装,194.59,2024-04-13 04:43:30,4,778.36,深圳,男,33
U9905,乐昌有,P40056,运动鞋,服装,398.33,2024-10-21 16:01:57,1,398.33,苏州,女,33
U5373,霍康,P82589,技术教材,书籍,598.27,2024-10-16 10:49:02,5,2991.35,南京,女,56
U2366,石航谦,P39173,跑步鞋,运动,441.44,2024-01-15 22:45:03,5,2207.2,深圳,女,47
U4061,房震,P51300,香水,美妆,367.24,2024-03-22 12:14:56,2,734.48,北京,女,35
U4816,水伯宁,P11610,时尚杂志,书籍,378.66,2024-01-01 19:12:03,4,1514.64,天津,女,59
U2616,吉钧磊,P34241,漫画,书籍,691.34,2024-02-02 03:05:43,5,3456.7,天津,男,54
U6550,舒思,P84714,山地车,运动,891.13,2024-05-05 21:19:59,3,2673.39,广州,女,25
U9528,计维启,P94321,T恤,服装,396.66,2024-10-10 08:00:51,1,396.66,广州,女,20
U3972,缪言,P42894,时尚杂志,书籍,566.14,2024-01-28 08:33:07,5,2830.7,重庆,女,22
U4267,邬伦,P87181,羽绒服,服装,804.85,2024-04-26 05:39:51,1,804.85,上海,男,52
U5179,施全,P42019,漫画,书籍,867.11,2024-04-15 20:50:50,2,1734.22,广州,女,39
U5090,周时,P26682,跳绳,运动,645.86,2024-04-22 08:34:41,5,3229.3,北京,女,23
U8364,皮策胜,P28923,桌游,玩具,361.08,2024-08-17 03:04:28,5,1805.4,天津,女,23
U6028,谢谦斌,P61700,面霜,美妆,873.52,2024-01-22 06:24:19,5,4367.6,南京,女,59
U2854,邓祥,P80430,时尚杂志,书籍,845.91,2024-08-31 06:33:42,3,2537.73,北京,女,19
U6633,秦乐,P14281,办公椅,家居,4444.47,2024-08-02 09:21:37,2,8888.94,杭州,女,57
U5947,邬思,P61574,四件套,家居,1915.03,2024-11-07 11:19:47,1,1915.03,上海,女,60
U2322,罗功翔,P58593,粉底液,美妆,33.36,2024-02-06 06:58:49,5,166.8,广州,女,30
U5076,殷岩,P35373,羽绒服,服装,759.37,2024-10-22 19:02:25,3,2278.11,北京,女,60
U1417,宣和,P10366,心理学,书籍,196.44,2024-09-03 17:01:20,3,589.32,南京,男,18
U2589,施健,P42105,口红,美妆,103.97,2024-08-14 17:40:12,5,519.85,上海,男,28
U7255,贲福,P82246,羽毛球拍,运动,747.85,2024-09-14 05:39:32,5,3739.25,南京,男,45
U3009,冯言林,P82013,技术教材,书籍,552.97,2024-03-13 20:30:39,4,2211.88,广州,男,61
U8504,邓固,P60363,连衣裙,服装,818.6,2024-03-11 02:47:03,3,2455.8,重庆,女,21
U1729,傅弘河,P14001,瑜伽垫,运动,163.62,2024-03-21 11:19:28,4,654.48,北京,男,49
U2042,王进,P34103,乐高积木,玩具,938.0,2024-07-17 08:38:04,4,3752.0,武汉,女,23
U9397,任明谦,P57822,洗发水,美妆,240.44,2024-08-23 22:38:12,4,961.76,北京,女,28
U7836,霍明裕,P34383,科幻小说,书籍,939.58,2024-07-04 13:54:05,1,939.58,深圳,女,25
U2438,宗伦,P51144,智能手表,电子产品,2734.81,2024-10-18 10:51:23,4,10939.24,西安,男,19
U1883,缪有富,P63693,口红,美妆,328.78,2024-01-21 11:28:46,1,328.78,广州,男,18
U1136,萧振冠,P84610,羽毛球拍,运动,617.9,2024-02-13 14:58:59,1,617.9,深圳,女,46
U4622,赵亨辉,P43838,台灯,家居,933.75,2024-08-24 05:54:09,1,933.75,北京,女,54
U1594,季栋敬,P34862,变形金刚,玩具,770.92,2024-02-11 00:20:35,2,1541.84,北京,男,58
U2430,娄永,P91090,口红,美妆,287.75,2024-06-29 00:00:38,1,287.75,天津,男,62
U5009,祝诚弘,P29595,夹克,服装,756.82,2024-09-28 20:13:44,2,1513.64,深圳,男,54
U4919,孔杰,P67716,芭比娃娃,玩具,646.88,2024-08-21 16:13:11,2,1293.76,广州,男,30
U1302,冯毅朗,P49543,山地车,运动,388.01,2024-01-20 11:14:34,1,388.01,广州,女,65
U4521,季彬克,P51555,山地车,运动,58.92,2024-06-07 11:35:45,5,294.6,杭州,女,32
U1264,鲍健毅,P81229,面霜,美妆,882.21,2024-01-20 22:37:12,3,2646.63,深圳,男,49
U9718,樊亮,P20020,瑜伽垫,运动,207.45,2024-07-12 11:54:23,5,1037.25,杭州,女,36
U5696,蔡若朗,P17753,篮球,运动,64.95,2024-11-16 08:17:48,3,194.85,苏州,女,26
U5337,裘伦昌,P82964,羽绒服,服装,22.33,2024-11-14 02:44:58,2,44.66,武汉,女,33
U4591,路子信,P48397,办公椅,家居,4682.78,2024-07-27 19:16:54,1,4682.78,深圳,女,62
U5533,季亨,P69418,香水,美妆,771.78,2024-06-14 22:00:04,2,1543.56,天津,女,36
U6300,朱善,P83757,笔记本电脑,电子产品,8216.21,2024-08-29 07:50:35,5,41081.05,天津,女,54
U4589,傅泽友,P48500,餐桌,家居,2514.04,2024-10-31 05:03:05,2,5028.08,武汉,女,29
U1975,李固文,P96576,T恤,服装,867.1,2024-09-05 11:06:14,2,1734.2,南京,男,61
U3613,乐冠,P81674,羽毛球拍,运动,783.65,2024-10-22 07:04:29,2,1567.3,北京,女,41
U9699,樊朋胜,P11958,哑铃,运动,562.3,2024-04-11 14:21:06,4,2249.2,南京,女,37
U7333,康松鹏,P92621,洗发水,美妆,979.59,2024-06-27 11:57:08,4,3918.36,上海,男,63
U9694,吴磊达,P93517,办公椅,家居,745.63,2024-12-21 11:09:42,2,1491.26,苏州,女,50
U7222,郭兴岩,P79149,跳绳,运动,206.39,2024-05-05 01:12:13,2,412.78,北京,女,45
U6278,卢有俊,P87073,漫画,书籍,380.02,2024-11-20 05:23:41,3,1140.06,杭州,女,60
U1427,伍彬启,P40909,漫画,书籍,83.54,2024-04-17 11:41:56,4,334.16,西安,女,34
U4378,马伟,P15387,技术教材,书籍,334.95,2024-09-22 21:33:18,5,1674.75,成都,男,33
U6414,卢振,P27276,蓝牙耳机,电子产品,6738.63,2024-04-21 12:04:50,1,6738.63,深圳,女,26
U9017,花诚弘,P56069,化妆刷套装,美妆,861.6,2024-07-01 14:18:44,3,2584.8,南京,男,31
U6906,邬邦全,P80900,芭比娃娃,玩具,321.1,2024-02-28 21:01:34,3,963.3,杭州,女,46
U1110,蔡伦功,P14617,羽绒服,服装,867.27,2024-09-16 20:02:07,1,867.27,天津,男,18
U8837,谈盛新,P40319,毛绒玩具,玩具,73.26,2024-11-26 06:19:53,3,219.78,广州,女,41
U5325,刁健,P28700,防晒霜,美妆,743.74,2024-01-29 02:37:09,5,3718.7,深圳,女,54
U1925,梁行武,P88658,时尚杂志,书籍,242.4,2024-08-14 04:04:45,2,484.8,南京,男,55
U9294,廉龙雄,P37012,洗发水,美妆,892.73,2024-04-28 03:03:57,3,2678.19,广州,男,52
U6352,孙政福,P42688,瑜伽垫,运动,975.2,2024-07-15 02:32:30,2,1950.4,武汉,女,43
U5646,刁新东,P90332,技术教材,书籍,831.7,2024-02-29 22:54:57,4,3326.8,重庆,女,53
U5763,缪中,P50363,卫衣,服装,430.68,2024-08-06 02:20:31,5,2153.4,北京,女,61
U4224,宗超,P85706,漫画,书籍,371.97,2024-08-04 11:35:31,4,1487.88,广州,男,45
U1533,庞栋奇,P51063,乐高积木,玩具,381.73,2024-02-28 01:07:30,1,381.73,杭州,男,59
U7713,方亨,P31865,乐高积木,玩具,777.99,2024-03-24 20:05:07,1,777.99,天津,女,34
U4104,强厚江,P73476,科幻小说,书籍,455.76,2024-05-18 14:30:44,2,911.52,成都,女,19
U4087,麻康建,P76513,防晒霜,美妆,745.96,2024-03-27 05:30:57,5,3729.8,广州,男,65
U5376,滕亮,P11535,餐桌,家居,4189.34,2024-05-16 06:28:53,3,12568.02,杭州,女,45
U7432,虞河生,P72197,蓝牙耳机,电子产品,8052.04,2024-07-09 08:36:42,3,24156.12,北京,男,20
U5474,尤言庆,P73573,哑铃,运动,939.76,2024-09-07 15:00:16,3,2819.28,成都,女,38
U3085,郝良元,P47996,心理学,书籍,410.43,2024-12-20 02:28:27,4,1641.72,广州,女,36
U7314,朱清武,P66370,夹克,服装,686.74,2024-11-26 13:14:08,3,2060.22,西安,男,44
U4033,柳伟信,P16120,平板电脑,电子产品,3344.01,2024-06-03 02:18:05,1,3344.01,成都,女,65
U2573,姜心永,P93928,办公椅,家居,3830.34,2024-05-26 06:47:41,2,7660.68,西安,女,34
U9444,刁伦,P47554,粉底液,美妆,572.57,2024-04-15 18:55:41,3,1717.71,广州,女,32
U8487,狄达启,P97852,蓝牙耳机,电子产品,2523.29,2024-11-17 07:02:45,5,12616.45,西安,女,24
U1121,贾行富,P45198,平板电脑,电子产品,1386.65,2024-04-13 03:27:56,1,1386.65,武汉,女,53
U1495,钱会建,P91352,篮球,运动,999.76,2024-07-29 11:56:00,2,1999.52,西安,男,56
U8504,贺壮军,P57737,T恤,服装,184.24,2024-08-29 20:09:18,2,368.48,广州,女,53
U1956,葛进震,P46517,智能手机,电子产品,9074.79,2024-03-25 16:52:03,4,36299.16,天津,女,23
U2012,盛杰之,P15002,运动鞋,服装,417.18,2024-06-27 18:08:44,2,834.36,北京,女,36
U8631,雷震晨,P87376,羽绒服,服装,688.75,2024-02-17 10:18:55,2,1377.5,武汉,女,51
U2592,尤松学,P96964,桌游,玩具,414.56,2024-04-27 14:59:29,1,414.56,成都,男,65
U9265,乐波福,P89309,连衣裙,服装,260.48,2024-10-05 03:55:11,1,260.48,西安,男,44
U6009,刁心发,P44682,粉底液,美妆,671.72,2024-09-07 10:38:10,1,671.72,成都,女,34
U7699,郁学茂,P50391,抱枕,家居,2226.74,2024-02-17 04:52:46,3,6680.22,西安,女,25
U3843,邱亮,P68915,山地车,运动,331.21,2024-03-17 07:15:36,5,1656.05,成都,男,27
U1994,孙以,P26571,面霜,美妆,526.93,2024-10-18 06:24:47,2,1053.86,上海,女,63
U4322,应翰,P44254,瑜伽垫,运动,677.29,2024-06-27 16:26:15,5,3386.45,重庆,男,65
U6196,范豪亨,P74603,蓝牙耳机,电子产品,5672.72,2024-04-13 05:54:16,2,11345.44,杭州,女,62
U8852,汪承钧,P93790,篮球,运动,575.44,2024-09-11 00:52:24,5,2877.2,上海,男,24
U4737,俞生航,P85026,芭比娃娃,玩具,789.32,2024-11-24 00:44:55,1,789.32,天津,男,19
U9420,陶群飞,P85305,科幻小说,书籍,41.64,2024-04-30 23:04:23,1,41.64,成都,男,32
U4774,蒋民杰,P12243,抱枕,家居,1125.98,2024-09-17 13:43:01,5,5629.9,苏州,女,46
U3998,元朗群,P21544,智能手表,电子产品,4277.33,2024-10-09 12:45:13,3,12831.99,成都,女,22
U3608,水乐保,P68295,收纳盒,家居,3207.16,2024-08-09 20:25:25,5,16035.8,西安,女,63
U1232,汤海,P86360,哑铃,运动,113.69,2024-02-29 20:01:14,3,341.07,天津,男,65
U4976,孔震新,P12467,笔记本电脑,电子产品,3028.31,2024-06-09 03:54:03,3,9084.93,南京,男,61
U9344,韩敬世,P72097,羽绒服,服装,732.33,2024-04-11 12:59:31,5,3661.65,西安,男,30
U4616,马克,P68254,跑步鞋,运动,731.2,2024-11-06 06:23:34,4,2924.8,杭州,男,41
U4400,盛才世,P62210,收纳盒,家居,3282.28,2024-03-03 19:30:15,5,16411.4,苏州,女,47
U1303,岑国宏,P30539,遥控车,玩具,35.84,2024-06-07 17:23:14,5,179.2,天津,女,54
U9361,石乐思,P35019,桌游,玩具,814.01,2024-09-04 11:05:14,5,4070.05,南京,女,61
U7142,陈思,P94159,面霜,美妆,998.74,2024-09-12 03:44:54,4,3994.96,南京,女,18
U5344,杜坚栋,P92709,哑铃,运动,333.91,2024-07-14 06:12:41,3,1001.73,广州,女,59
U8639,邹厚,P28845,芭比娃娃,玩具,388.69,2024-01-01 22:19:49,4,1554.76,苏州,女,18
U2783,汤先群,P92308,毛绒玩具,玩具,719.82,2024-08-26 02:22:15,5,3599.1,成都,男,65
U5940,冯明晨,P56714,桌游,玩具,296.14,2024-06-02 09:12:52,3,888.42,深圳,女,65
U4819,贺福,P96294,哑铃,运动,705.39,2024-08-16 16:55:50,5,3526.95,西安,女,58
U7358,张彬榕,P85893,办公椅,家居,2706.0,2024-12-04 07:41:27,4,10824.0,武汉,男,65
U2351,贲彪,P37607,办公椅,家居,2888.78,2024-02-28 04:39:04,2,5777.56,上海,男,33
U3781,汪武仁,P46380,桌游,玩具,83.85,2024-11-04 23:47:00,4,335.4,南京,男,22
U1801,祁伯文,P27779,粉底液,美妆,50.3,2024-04-21 06:57:58,2,100.6,成都,男,52
U3120,卫辉,P54475,面霜,美妆,325.33,2024-09-12 04:27:29,4,1301.32,杭州,男,20
U6936,湛鹏朗,P93858,办公椅,家居,4166.35,2024-10-31 10:20:24,2,8332.7,北京,女,41
U3156,施达泰,P49937,化妆刷套装,美妆,535.05,2024-04-17 00:42:57,1,535.05,西安,男,39
U5125,骆强鸣,P75827,香水,美妆,126.13,2024-11-25 00:51:45,2,252.26,广州,女,65
U8091,苏翰博,P29976,四件套,家居,2066.0,2024-10-28 19:23:50,2,4132.0,杭州,男,30
U1527,龚志,P98474,时尚杂志,书籍,153.61,2024-05-22 03:21:47,2,307.22,成都,男,28
U5613,屈龙博,P55071,漫画,书籍,267.34,2024-01-16 02:45:35,5,1336.7,北京,男,58
U5995,孟昌,P32282,化妆刷套装,美妆,426.14,2024-11-17 04:03:12,4,1704.56,杭州,女,59
U7960,单星,P86145,智能手表,电子产品,3290.97,2024-04-09 14:08:24,2,6581.94,广州,男,41
U5388,万朗楠,P98263,山地车,运动,855.78,2024-07-10 02:35:47,5,4278.9,成都,女,55
U4088,高生达,P10421,洗发水,美妆,572.12,2024-04-29 12:27:03,5,2860.6,西安,男,29
U4594,沈之诚,P21191,卫衣,服装,535.53,2024-03-04 15:12:53,4,2142.12,天津,男,29
U1520,范强,P60546,拼图,玩具,292.06,2024-12-17 20:28:11,4,1168.24,上海,女,27
U6732,毛翔建,P74973,时尚杂志,书籍,578.3,2024-10-08 14:45:14,1,578.3,苏州,女,51
U2823,范功安,P37312,餐桌,家居,2878.32,2024-04-28 07:07:43,3,8634.96,苏州,女,20
U5372,包心时,P26094,瑜伽垫,运动,195.57,2024-12-30 09:36:25,2,391.14,重庆,女,58
U9139,虞腾,P54205,羽绒服,服装,407.5,2024-01-22 23:16:47,3,1222.5,天津,女,22
U1671,邵光朗,P18354,心理学,书籍,543.89,2024-09-02 01:50:53,5,2719.45,苏州,女,26
U9325,齐心,P27056,智能手机,电子产品,9053.6,2024-08-02 11:53:13,4,36214.4,天津,女,35
U9248,郁达航,P31434,时尚杂志,书籍,957.15,2024-01-20 08:52:28,5,4785.75,西安,女,37
U3022,左飞斌,P16345,笔记本电脑,电子产品,2813.37,2024-11-08 03:11:25,1,2813.37,杭州,女,31
U7716,祝翰,P54822,牛仔裤,服装,242.7,2024-05-14 19:37:18,3,728.1,广州,男,57
U1475,尹福鹏,P71592,笔记本电脑,电子产品,8825.3,2024-05-01 14:28:29,1,8825.3,天津,男,43
U1020,洪康克,P64533,智能手机,电子产品,3017.34,2024-05-07 04:28:50,4,12069.36,西安,女,55
U6274,诸哲,P49670,羽毛球拍,运动,248.98,2024-01-18 07:01:43,1,248.98,南京,女,36
U1381,昌河雄,P66040,运动鞋,服装,30.56,2024-10-26 08:50:58,1,30.56,武汉,女,45
U4692,董栋仁,P87056,智能手机,电子产品,3740.23,2024-12-05 14:05:11,4,14960.92,西安,男,54
U2274,齐钧力,P13972,科幻小说,书籍,776.92,2024-09-13 07:05:47,1,776.92,北京,男,60
U4730,邬行,P93730,智能手机,电子产品,3647.81,2024-04-02 08:39:32,5,18239.05,深圳,男,57
U7623,钱腾,P99539,拼图,玩具,662.75,2024-06-25 15:53:30,5,3313.75,成都,女,32
U2859,方善,P92314,笔记本电脑,电子产品,2882.17,2024-08-22 13:26:59,2,5764.34,重庆,女,47
U5282,岑若康,P81184,粉底液,美妆,299.04,2024-09-04 01:24:11,2,598.08,武汉,男,22
U4650,崔清之,P89317,跑步鞋,运动,761.14,2024-10-13 17:57:58,4,3044.56,成都,男,38
U6036,经俊庆,P17531,漫画,书籍,336.87,2024-05-22 22:35:26,4,1347.48,南京,女,28
U8635,柏健轮,P74771,篮球,运动,99.03,2024-08-18 16:07:33,2,198.06,重庆,男,40
U9048,郑刚全,P93360,运动鞋,服装,961.56,2024-05-04 05:31:36,4,3846.24,成都,女,25
U8631,郁天敬,P36526,充电宝,电子产品,9379.17,2024-01-06 10:41:06,1,9379.17,北京,女,41
U5811,赵晨,P92888,笔记本电脑,电子产品,7706.54,2024-05-27 10:51:46,4,30826.16,西安,男,58
U5869,闵风民,P59438,漫画,书籍,238.89,2024-11-11 11:13:48,4,955.56,苏州,男,53
U5662,水康,P81083,充电宝,电子产品,4492.97,2024-05-29 02:39:57,5,22464.85,成都,女,47
U7910,单江鹏,P96040,化妆刷套装,美妆,626.05,2024-01-08 07:15:53,1,626.05,苏州,男,42
U3533,钱兴树,P79899,智能手机,电子产品,3108.64,2024-04-06 14:05:07,2,6217.28,重庆,女,24
U2810,卜豪义,P59059,心理学,书籍,254.04,2024-11-26 10:16:00,3,762.12,杭州,男,47
U3069,殷震,P85027,智能手机,电子产品,5103.77,2024-11-18 14:31:07,1,5103.77,重庆,男,30
U6036,陈致星,P55239,山地车,运动,724.17,2024-12-11 20:00:59,1,724.17,重庆,男,44
U1495,刁栋,P69300,平板电脑,电子产品,2411.42,2024-12-16 00:06:54,1,2411.42,北京,女,29
U1293,华元健,P57950,蓝牙耳机,电子产品,2496.83,2024-01-16 09:34:11,1,2496.83,广州,男,45
U1702,支波之,P91498,拼图,玩具,427.59,2024-11-28 13:21:13,3,1282.77,南京,女,22
U6197,顾顺清,P30960,漫画,书籍,238.91,2024-04-03 02:44:41,2,477.82,南京,男,18
U1556,潘以良,P98786,显示器,电子产品,1512.83,2024-03-23 17:40:19,3,4538.49,西安,男,55
U4454,石友俊,P71192,人物传记,书籍,704.06,2024-02-28 17:42:00,4,2816.24,武汉,女,18
U6755,平固浩,P31129,跳绳,运动,631.7,2024-01-10 13:54:54,5,3158.5,广州,女,61
U1954,吴壮致,P98309,平板电脑,电子产品,7124.21,2024-06-15 10:34:31,2,14248.42,成都,男,61
U8254,龚波,P56315,防晒霜,美妆,987.55,2024-08-17 05:57:30,2,1975.1,杭州,男,25
U6774,安康,P82683,遥控车,玩具,630.45,2024-10-16 15:33:52,5,3152.25,武汉,女,51
U9343,戚弘平,P96912,四件套,家居,2373.41,2024-09-28 21:09:36,3,7120.23,苏州,女,35
U3137,娄俊发,P19398,沙发,家居,3897.67,2024-07-29 23:50:19,4,15590.68,成都,男,62
U9483,吕群涛,P17855,跳绳,运动,415.92,2024-12-12 00:44:46,3,1247.76,北京,男,28
U4713,李杰风,P82135,连衣裙,服装,630.65,2024-05-31 19:00:47,2,1261.3,南京,女,32
U7479,赵心,P51790,漫画,书籍,514.07,2024-02-16 02:25:37,2,1028.14,广州,男,41
U1041,何言,P38507,跑步鞋,运动,565.31,2024-12-21 23:24:05,4,2261.24,苏州,男,36
U7465,祝哲伯,P67099,拼图,玩具,161.38,2024-05-11 04:43:12,3,484.14,杭州,女,64
U9380,项策若,P65833,运动鞋,服装,845.37,2024-07-12 02:00:21,3,2536.11,苏州,女,31
U4168,邬梁群,P14658,桌游,玩具,632.71,2024-03-30 00:18:54,4,2530.84,武汉,女,18
U7907,伏壮,P23505,台灯,家居,528.06,2024-10-01 00:48:26,1,528.06,北京,女,34
U9263,蒋风,P45941,瑜伽垫,运动,774.98,2024-10-29 22:33:43,3,2324.94,西安,男,19
U3823,陈胜,P62249,跳绳,运动,221.7,2024-08-01 16:04:04,3,665.1,上海,女,43
U6551,应诚,P75409,人物传记,书籍,804.25,2024-10-03 07:27:38,4,3217.0,重庆,女,45
U8455,邵有致,P58872,卫衣,服装,783.52,2024-02-22 02:30:27,4,3134.08,上海,男,53
U1091,经发,P65754,毛绒玩具,玩具,818.91,2024-05-26 15:33:37,3,2456.73,成都,男,37
U7011,梅心晨,P24894,餐桌,家居,3938.43,2024-08-26 03:37:18,4,15753.72,重庆,女,24
U6669,高福,P95537,哑铃,运动,865.93,2024-10-29 13:38:22,4,3463.72,苏州,男,41
U6027,谢致,P81334,抱枕,家居,2988.75,2024-03-01 02:34:05,2,5977.5,杭州,女,55
U4883,梁泽宏,P87468,粉底液,美妆,401.77,2024-02-20 14:06:05,4,1607.08,武汉,女,62
U9402,梁岩昌,P27545,T恤,服装,990.9,2024-05-30 12:16:58,3,2972.7,苏州,男,44
U6325,干宏民,P44506,拼图,玩具,553.35,2024-05-10 00:52:53,2,1106.7,北京,女,28
U2015,刁奇利,P72930,平板电脑,电子产品,6853.58,2024-05-29 22:31:46,5,34267.9,成都,女,58
U8450,杜政,P13580,科幻小说,书籍,442.34,2024-01-30 14:52:10,1,442.34,重庆,女,25
U3264,施学顺,P56598,餐桌,家居,4445.13,2024-12-26 13:37:11,2,8890.26,重庆,女,62
U2372,裘树,P63564,桌游,玩具,550.15,2024-12-13 06:45:59,2,1100.3,广州,男,36
U5518,裘邦保,P46234,防晒霜,美妆,477.73,2024-09-07 06:02:18,4,1910.92,杭州,男,65
U1792,干鸣松,P84904,跳绳,运动,963.59,2024-07-14 17:11:01,4,3854.36,上海,男,26
U8908,褚旭琛,P41351,拼图,玩具,604.95,2024-02-13 18:30:20,1,604.95,成都,女,41
U5651,林晨炎,P91923,防晒霜,美妆,216.2,2024-07-19 11:24:06,1,216.2,武汉,男,51
U4374,单鹏,P74220,技术教材,书籍,563.77,2024-01-12 12:18:46,2,1127.54,南京,女,49
U7813,计绍,P37388,羽毛球拍,运动,353.38,2024-04-03 07:00:14,3,1060.14,南京,男,60
U6291,万涛,P99645,办公椅,家居,1389.43,2024-08-17 21:43:29,1,1389.43,天津,男,53
U7784,房茂政,P92305,口红,美妆,118.29,2024-02-01 12:05:48,5,591.45,重庆,男,43
U9998,祁河海,P50967,山地车,运动,577.6,2024-10-17 19:23:06,5,2888.0,武汉,男,65
U7912,杨心,P55805,哑铃,运动,620.52,2024-09-22 13:38:17,4,2482.08,广州,女,53
U9453,苏群毅,P89582,变形金刚,玩具,865.18,2024-10-25 09:21:43,5,4325.9,广州,男,32
U1731,杨勇,P79955,T恤,服装,990.98,2024-01-03 14:48:03,5,4954.9,武汉,男,60
U5916,方博进,P10648,夹克,服装,879.01,2024-12-14 19:31:57,1,879.01,杭州,男,58
U2416,明友群,P44432,连衣裙,服装,301.52,2024-08-07 01:37:00,1,301.52,西安,女,43
U4966,夏榕生,P83435,跳绳,运动,449.61,2024-12-20 16:18:10,4,1798.44,武汉,女,45
U5345,方辰克,P46125,跑步鞋,运动,931.16,2024-03-25 04:49:14,4,3724.64,深圳,女,65
U1606,元宁福,P76203,时尚杂志,书籍,115.27,2024-10-22 17:21:06,1,115.27,上海,女,63
U6547,云泰豪,P35675,抱枕,家居,3840.52,2024-01-18 00:07:42,3,11521.56,成都,女,65
U1216,苏江祥,P48575,香水,美妆,417.23,2024-11-24 01:36:48,1,417.23,成都,女,63
U2184,柳树德,P56933,沙发,家居,3996.35,2024-07-24 03:41:30,5,19981.75,北京,男,52
U1328,邱强壮,P10517,T恤,服装,488.39,2024-12-10 01:40:17,2,976.78,苏州,女,43
U1190,柏保言,P75702,化妆刷套装,美妆,374.81,2024-10-12 19:16:11,4,1499.24,上海,男,39
U2306,周朋琛,P64172,人物传记,书籍,39.06,2024-07-19 03:06:14,3,117.18,深圳,女,21
U9256,张鸣,P28188,粉底液,美妆,390.05,2024-07-19 05:06:06,2,780.1,苏州,男,54
U3096,霍世,P24759,沙发,家居,1903.03,2024-09-30 23:41:24,4,7612.12,深圳,女,34
U2974,窦文成,P81602,化妆刷套装,美妆,332.84,2024-12-16 09:15:15,2,665.68,成都,女,42
U7050,龚胜,P41785,粉底液,美妆,611.35,2024-01-05 16:24:06,2,1222.7,北京,女,60
U7650,吉冠,P30160,漫画,书籍,457.61,2024-10-04 13:28:19,3,1372.83,北京,女,38
U1194,宣群天,P75563,抱枕,家居,1619.17,2024-05-27 20:07:26,5,8095.85,南京,男,38
U8600,岑宏康,P39762,抱枕,家居,618.16,2024-12-18 19:42:31,1,618.16,西安,男,45
U3206,邓东,P99810,四件套,家居,3725.61,2024-04-15 14:39:42,1,3725.61,杭州,女,18
U3538,虞永元,P78690,跳绳,运动,955.11,2024-06-27 12:01:30,1,955.11,南京,男,39
U3607,贺波兴,P57817,历史书籍,书籍,171.13,2024-01-02 20:42:10,4,684.52,上海,男,31
U9347,蓝榕,P72081,桌游,玩具,188.3,2024-06-27 23:46:11,2,376.6,苏州,女,41
U7359,柏以,P47620,香水,美妆,459.13,2024-12-13 14:31:19,3,1377.39,北京,男,45
U6437,汪山清,P86507,显示器,电子产品,4915.87,2024-03-19 02:20:42,3,14747.61,深圳,女,53
U7335,韩承有,P56645,时尚杂志,书籍,633.98,2024-10-14 18:57:51,3,1901.94,武汉,女,29
U3742,左琛坚,P57637,粉底液,美妆,890.15,2024-06-20 02:39:10,5,4450.75,广州,男,36
U2204,元世,P46603,时尚杂志,书籍,541.16,2024-12-24 09:43:54,3,1623.48,苏州,男,63
U6239,林朋,P73867,遥控车,玩具,998.25,2024-03-16 02:54:26,4,3993.0,苏州,女,60
U2958,刁栋,P83696,卫衣,服装,59.35,2024-01-14 21:45:37,1,59.35,成都,女,20
U1387,徐世琛,P31395,笔记本电脑,电子产品,1206.65,2024-01-16 16:02:55,3,3619.95,武汉,男,21
U5485,谢功志,P48595,篮球,运动,917.94,2024-11-20 03:20:34,5,4589.7,成都,男,24
U2543,龚致,P54697,瑜伽垫,运动,23.56,2024-06-18 00:46:20,4,94.24,深圳,男,40
U3527,鲁毅,P63922,台灯,家居,4918.07,2024-10-19 23:03:38,3,14754.21,北京,女,22
U9611,郎民,P44386,科幻小说,书籍,731.04,2024-01-17 23:43:23,2,1462.08,西安,女,65
U7062,宋健庆,P14420,卫衣,服装,338.62,2024-07-12 17:51:39,2,677.24,成都,女,22
U9825,臧子,P65137,抱枕,家居,1647.11,2024-02-22 02:34:47,4,6588.44,重庆,女,42
U7748,和海杰,P36789,智能手机,电子产品,6574.2,2024-12-03 11:35:51,3,19722.6,苏州,男,50
U3308,娄清腾,P32495,乐高积木,玩具,146.9,2024-11-27 23:49:36,2,293.8,重庆,女,21
U5451,吕旭,P13497,哑铃,运动,480.61,2024-01-16 18:57:44,2,961.22,上海,男,45
U5664,禹保,P88955,跳绳,运动,277.59,2024-05-15 19:14:26,3,832.77,北京,男,21
U9006,支波,P69384,智能手机,电子产品,4928.9,2024-03-19 06:47:46,2,9857.8,重庆,男,22
U1994,冯福勇,P95339,瑜伽垫,运动,282.77,2024-12-09 02:17:57,5,1413.85,深圳,男,49
U2720,熊涛东,P31934,沙发,家居,3525.32,2024-06-13 14:55:22,5,17626.6,杭州,女,49
U7407,熊谦,P46105,遥控车,玩具,557.26,2024-05-06 05:26:59,2,1114.52,南京,女,41
U5866,郝文克,P78299,收纳盒,家居,2529.96,2024-11-10 22:31:35,4,10119.84,苏州,男,38
U2769,胡亨才,P63981,毛绒玩具,玩具,631.59,2024-10-12 12:09:08,5,3157.95,成都,女,34
U7189,崔言豪,P80710,瑜伽垫,运动,29.09,2024-01-19 04:40:50,1,29.09,天津,女,37
U1302,宣贵胜,P58116,面霜,美妆,416.33,2024-06-24 17:07:23,3,1248.99,天津,女,38
U9812,包龙翰,P54144,粉底液,美妆,754.14,2024-02-08 02:27:41,1,754.14,北京,男,24
U2051,梅山,P47409,连衣裙,服装,519.51,2024-07-18 10:52:31,3,1558.53,西安,女,33
U6655,万天伦,P36993,篮球,运动,193.84,2024-07-07 20:27:52,4,775.36,深圳,男,55
U2196,庞之,P72076,防晒霜,美妆,695.29,2024-10-21 23:03:36,3,2085.87,广州,男,55
U7370,邓群,P55158,漫画,书籍,406.71,2024-05-22 07:01:46,4,1626.84,重庆,女,54
U8579,单彬朋,P44495,蓝牙耳机,电子产品,3266.55,2024-07-17 13:45:44,2,6533.1,深圳,男,39
U9758,李楠彬,P95485,沙发,家居,4269.33,2024-09-30 07:57:02,4,17077.32,苏州,女,26
U3038,葛晨祥,P45359,口红,美妆,880.15,2024-05-10 20:12:57,1,880.15,杭州,男,45
U2201,臧龙鸣,P68207,人物传记,书籍,743.13,2024-09-14 05:29:38,2,1486.26,杭州,女,59
U3787,骆中,P14326,人物传记,书籍,131.11,2024-11-05 15:52:16,1,131.11,广州,男,51
U7225,阮全民,P33672,收纳盒,家居,2807.67,2024-12-28 16:00:19,2,5615.34,苏州,男,23
U2568,贝致波,P14633,牛仔裤,服装,198.8,2024-12-15 11:25:09,2,397.6,南京,女,51
U1561,尹学致,P30893,收纳盒,家居,2319.99,2024-03-25 03:59:46,5,11599.95,杭州,女,65
U2109,水鹏,P30091,四件套,家居,2866.7,2024-07-05 22:40:21,3,8600.1,成都,男,18
U9941,颜福先,P18853,心理学,书籍,989.77,2024-11-23 06:52:23,2,1979.54,上海,女,29
U4759,舒群,P27019,沙发,家居,3153.25,2024-08-07 20:02:56,2,6306.5,西安,女,26
U3269,干辉伯,P91791,平板电脑,电子产品,7519.9,2024-08-28 08:14:59,5,37599.5,武汉,女,27
U3195,郭奇策,P54511,连衣裙,服装,534.31,2024-07-01 02:13:32,1,534.31,深圳,男,34
U3178,韦新,P64062,山地车,运动,653.62,2024-10-15 12:00:40,4,2614.48,上海,男,46
U8208,伍榕生,P33065,心理学,书籍,689.71,2024-10-19 19:38:17,2,1379.42,北京,男,33
U6193,雷乐旭,P85351,显示器,电子产品,4464.63,2024-10-20 23:58:31,2,8929.26,深圳,女,65
U2484,闵朗义,P16226,蓝牙耳机,电子产品,5311.15,2024-04-21 08:05:08,3,15933.45,深圳,男,46
U6037,祁涛,P37571,瑜伽垫,运动,75.63,2024-11-24 17:58:48,3,226.89,西安,男,65
U4582,戴光,P50211,粉底液,美妆,201.85,2024-03-21 20:55:55,1,201.85,天津,男,46
U7292,于功辰,P72453,四件套,家居,2851.19,2024-02-23 15:51:08,5,14255.95,深圳,女,27
U5215,祁士,P61021,变形金刚,玩具,892.54,2024-01-05 10:54:23,5,4462.7,广州,女,53
U1661,伍斌林,P28324,台灯,家居,1198.8,2024-03-04 08:47:29,2,2397.6,杭州,男,20
U9664,何奇利,P79787,夹克,服装,808.67,2024-10-16 07:47:32,1,808.67,广州,女,47
U4503,贝毅固,P20926,防晒霜,美妆,567.34,2024-12-20 12:11:57,4,2269.36,上海,男,57
U8899,龚成贵,P74268,心理学,书籍,327.33,2024-09-24 16:25:20,2,654.66,武汉,女,26
U4618,柯诚,P60940,拼图,玩具,75.31,2024-06-20 08:27:49,4,301.24,深圳,女,42
U4599,支鹏康,P43226,餐桌,家居,3144.38,2024-07-23 11:58:39,3,9433.14,成都,女,55
U5269,林波风,P85182,拼图,玩具,255.94,2024-01-13 15:06:36,3,767.82,深圳,男,44
U1854,马坚,P30410,T恤,服装,400.28,2024-05-13 15:07:41,2,800.56,南京,男,32
U5527,卫诚,P92260,篮球,运动,388.73,2024-03-06 19:31:11,5,1943.65,南京,男,27
U3204,贲波,P51172,台灯,家居,4570.39,2024-02-09 10:53:52,4,18281.56,上海,男,47
U2234,干彬,P25458,抱枕,家居,1020.9,2024-06-15 11:42:09,1,1020.9,成都,女,47
U2638,傅士海,P31924,笔记本电脑,电子产品,3396.4,2024-10-19 07:32:43,3,10189.2,重庆,男,59
U7617,安诚俊,P40660,连衣裙,服装,999.12,2024-12-19 03:25:49,3,2997.36,深圳,男,49
U6975,祁力伟,P81929,乐高积木,玩具,194.55,2024-02-26 10:30:15,5,972.75,上海,男,44
U6093,龚良,P59802,人物传记,书籍,254.8,2024-12-20 07:20:01,1,254.8,杭州,男,62
U3676,柳明,P49587,粉底液,美妆,762.24,2024-12-07 12:25:48,2,1524.48,南京,女,44
U8038,苏勇康,P86178,运动鞋,服装,526.49,2024-12-01 21:24:11,4,2105.96,上海,男,55
U8101,骆行思,P46487,芭比娃娃,玩具,401.99,2024-02-14 21:57:40,5,2009.95,北京,男,30
U7060,诸奇,P92614,四件套,家居,2533.16,2024-04-26 22:33:47,2,5066.32,广州,男,26
U7460,昌义,P90273,平板电脑,电子产品,1149.61,2024-06-29 15:46:19,3,3448.83,杭州,男,60
U4797,冯博振,P34627,科幻小说,书籍,272.88,2024-04-28 05:32:46,5,1364.4,上海,女,27
U8336,酆兴福,P26993,T恤,服装,396.43,2024-03-04 18:14:47,4,1585.72,杭州,男,27
U1143,危会亨,P86121,夹克,服装,943.27,2024-10-17 14:34:39,2,1886.54,上海,男,56
U1306,严涛琛,P71784,历史书籍,书籍,908.39,2024-02-11 10:28:43,5,4541.95,重庆,女,22
U9035,邹力民,P68729,智能手机,电子产品,8787.36,2024-03-26 20:15:13,1,8787.36,上海,女,40
U1798,许辉朋,P16813,毛绒玩具,玩具,475.87,2024-03-11 00:59:35,4,1903.48,深圳,女,18
U2261,柏平若,P50134,时尚杂志,书籍,198.16,2024-11-14 10:57:07,3,594.48,成都,男,44
U3580,冯思航,P89964,化妆刷套装,美妆,345.1,2024-11-07 13:25:58,2,690.2,上海,男,34
U8544,项亮俊,P18033,充电宝,电子产品,2978.34,2024-10-02 20:14:27,2,5956.68,成都,男,59
U9882,莫梁伯,P63978,篮球,运动,829.73,2024-01-27 16:55:57,1,829.73,北京,男,40
U8037,应豪平,P42089,餐桌,家居,3992.4,2024-11-13 00:41:08,2,7984.8,重庆,男,42
U5065,诸翰谦,P72247,面霜,美妆,619.06,2024-10-29 10:21:01,5,3095.3,西安,男,21
U6244,柯德,P94707,夹克,服装,526.79,2024-04-21 06:48:35,1,526.79,杭州,女,57
U9873,时顺义,P13740,科幻小说,书籍,248.94,2024-11-05 14:47:01,1,248.94,重庆,女,60
U9965,常榕,P69681,智能手表,电子产品,5493.17,2024-10-21 03:57:55,4,21972.68,广州,女,49
U1046,茅泽心,P40994,沙发,家居,2000.3,2024-07-31 18:20:26,3,6000.9,西安,男,21
U2475,喻军鸣,P34921,化妆刷套装,美妆,415.34,2024-12-14 17:20:06,4,1661.36,杭州,男,64
U4401,钱江腾,P58863,餐桌,家居,392.8,2024-04-20 14:29:58,2,785.6,成都,女,59
U7182,项振伦,P71008,连衣裙,服装,234.34,2024-12-16 22:09:33,2,468.68,南京,男,30
U9926,沈先东,P39623,变形金刚,玩具,263.58,2024-03-11 00:28:42,4,1054.32,武汉,男,57
U1330,窦榕琛,P57117,心理学,书籍,195.41,2024-09-10 23:03:17,1,195.41,杭州,男,55
U2942,石顺富,P40314,山地车,运动,281.24,2024-02-02 20:06:50,3,843.72,天津,女,44
U2327,蓝志伯,P80726,连衣裙,服装,890.77,2024-08-17 05:21:51,4,3563.08,苏州,女,29
U1726,应永良,P58941,显示器,电子产品,2072.6,2024-09-19 05:43:45,1,2072.6,天津,男,24
U2414,贝宏,P80062,跑步鞋,运动,844.68,2024-03-31 13:16:59,3,2534.04,上海,男,18
U7256,金峰楠,P34473,台灯,家居,4076.81,2024-10-26 06:42:59,3,12230.43,武汉,女,36
U7428,童利功,P65711,四件套,家居,1643.45,2024-03-31 21:09:40,1,1643.45,成都,男,32
U9504,张榕雄,P99615,蓝牙耳机,电子产品,1498.39,2024-02-21 19:19:51,1,1498.39,武汉,女,27
U9041,鲍有,P54551,跳绳,运动,282.79,2024-10-17 23:47:03,2,565.58,广州,男,22
U6542,姜清,P39121,心理学,书籍,969.49,2024-12-21 08:34:06,5,4847.45,深圳,男,53
U7883,卞思,P36224,沙发,家居,1240.4,2024-08-01 16:54:06,4,4961.6,苏州,女,38
U7268,梅祥心,P52450,沙发,家居,2433.14,2024-02-28 15:37:12,3,7299.42,杭州,男,51
U4375,乐亨,P77180,时尚杂志,书籍,387.49,2024-04-25 03:05:31,3,1162.47,上海,男,40
U2723,刁伟风,P73467,防晒霜,美妆,117.19,2024-07-12 03:39:13,5,585.95,广州,女,20
U5470,吉克,P50645,人物传记,书籍,192.11,2024-08-22 06:53:02,3,576.33,武汉,男,30
U7359,宣义,P62068,平板电脑,电子产品,1732.27,2024-06-10 15:59:28,2,3464.54,杭州,男,55
U2071,方泽绍,P88745,跑步鞋,运动,461.36,2024-01-14 19:21:24,2,922.72,杭州,女,50
U9645,皮国广,P33995,山地车,运动,512.98,2024-01-31 13:57:31,1,512.98,西安,男,53
U8062,窦武,P98322,运动鞋,服装,722.36,2024-10-09 18:25:33,1,722.36,深圳,女,50
U8513,禹康壮,P61446,技术教材,书籍,841.65,2024-03-24 07:23:05,5,4208.25,南京,男,21
U6382,魏冠富,P41838,科幻小说,书籍,364.68,2024-09-24 08:29:32,1,364.68,西安,女,43
U1634,阮新栋,P59651,台灯,家居,3296.3,2024-08-07 20:03:50,2,6592.6,天津,女,19
U6939,江善壮,P44014,香水,美妆,898.63,2024-06-27 09:13:44,5,4493.15,苏州,男,42
U3434,郭雄邦,P89037,笔记本电脑,电子产品,8456.33,2024-08-18 11:34:40,5,42281.65,杭州,女,34
U9723,董东有,P75167,乐高积木,玩具,722.11,2024-12-05 01:55:02,3,2166.33,广州,男,55
U2463,万松永,P85299,技术教材,书籍,85.25,2024-12-25 07:19:32,3,255.75,广州,男,20
U4282,曹哲栋,P64429,人物传记,书籍,559.27,2024-03-10 10:44:56,5,2796.35,北京,男,33
U5113,蓝良军,P85768,餐桌,家居,340.7,2024-12-08 22:56:57,1,340.7,广州,男,56
U4897,应林奇,P50280,香水,美妆,492.32,2024-03-05 00:13:07,3,1476.96,重庆,男,37
U3900,殷友旭,P68529,蓝牙耳机,电子产品,9786.65,2024-12-15 15:51:06,2,19573.3,南京,男,41
U3920,茅坚力,P47143,人物传记,书籍,139.46,2024-06-21 19:01:57,1,139.46,北京,女,52
U3648,罗振树,P46802,乐高积木,玩具,941.05,2024-12-19 14:55:00,3,2823.15,上海,男,61
U3710,明中朗,P11857,历史书籍,书籍,408.96,2024-02-20 13:55:06,5,2044.8,深圳,女,53
U2594,贺永光,P69290,粉底液,美妆,444.83,2024-01-20 14:21:35,1,444.83,广州,男,44
U7602,米新世,P46681,智能手机,电子产品,9424.05,2024-12-17 23:03:51,1,9424.05,广州,男,39
U6055,杨文,P14853,山地车,运动,963.43,2024-07-29 10:38:19,4,3853.72,天津,女,62
U5938,葛先,P36967,蓝牙耳机,电子产品,2814.5,2024-12-14 04:49:30,2,5629.0,北京,男,54
U5863,蓝诚良,P19421,夹克,服装,97.4,2024-06-01 02:47:19,2,194.8,重庆,男,45
U4405,包邦,P50696,充电宝,电子产品,8142.51,2024-03-27 05:39:54,5,40712.55,北京,男,18
U3883,舒伟,P35903,卫衣,服装,723.97,2024-04-29 01:11:57,3,2171.91,广州,男,29
U9581,鲁胜,P31058,桌游,玩具,690.55,2024-06-30 05:11:14,1,690.55,深圳,女,55
U1542,谈新,P55756,口红,美妆,783.1,2024-07-04 17:30:00,2,1566.2,深圳,女,32
U2065,季谦海,P72156,羽毛球拍,运动,987.5,2024-02-06 21:23:26,2,1975.0,苏州,男,36
U5207,江壮,P98768,智能手机,电子产品,8734.28,2024-05-30 00:48:13,4,34937.12,南京,男,40
U8647,贲轮兴,P71477,防晒霜,美妆,636.77,2024-07-03 14:04:29,5,3183.85,重庆,女,37
U2579,邬友鹏,P58189,面霜,美妆,169.01,2024-11-06 02:07:51,3,507.03,广州,男,63
U3811,杭辉达,P33435,化妆刷套装,美妆,971.03,2024-01-30 23:04:33,4,3884.12,南京,女,26
U6145,褚承达,P10614,抱枕,家居,2338.2,2024-09-02 05:59:21,4,9352.8,杭州,男,53
U2741,霍亮子,P35337,餐桌,家居,273.36,2024-10-23 10:54:37,1,273.36,苏州,男,56
U5533,杨楠明,P23165,办公椅,家居,375.28,2024-12-06 16:23:56,1,375.28,深圳,女,43
U5370,廉亮政,P22298,粉底液,美妆,607.48,2024-10-22 00:43:43,3,1822.44,成都,男,30
U5832,费飞,P29689,香水,美妆,394.62,2024-03-03 19:00:26,2,789.24,杭州,女,39
U2498,熊进,P94990,显示器,电子产品,4940.27,2024-02-04 04:48:46,5,24701.35,上海,女,23
U2093,田伦海,P66388,时尚杂志,书籍,603.95,2024-01-15 02:52:31,5,3019.75,南京,女,36
U3990,时以元,P45433,蓝牙耳机,电子产品,5055.61,2024-10-13 03:29:38,4,20222.44,深圳,女,27
U8986,邬顺冠,P34103,变形金刚,玩具,401.06,2024-05-24 22:16:53,5,2005.3,南京,女,35
U4447,李旭军,P25770,拼图,玩具,485.58,2024-05-09 18:22:08,3,1456.74,西安,女,59
U5058,彭保楠,P95077,餐桌,家居,3232.94,2024-10-08 13:24:04,2,6465.88,重庆,女,59
U7972,任广,P62018,时尚杂志,书籍,256.6,2024-10-12 16:14:10,5,1283.0,北京,女,55
U4142,柏乐,P37690,笔记本电脑,电子产品,1605.94,2024-09-03 00:14:03,1,1605.94,广州,女,44
U2292,娄群厚,P45598,技术教材,书籍,457.05,2024-12-12 15:17:08,5,2285.25,天津,女,54
U6310,韦宁国,P98010,香水,美妆,880.24,2024-09-25 15:07:52,4,3520.96,西安,女,51
U9518,樊时浩,P10851,漫画,书籍,444.08,2024-11-16 01:12:34,5,2220.4,天津,男,53
U6798,毛亮盛,P81688,夹克,服装,855.37,2024-05-24 06:53:35,3,2566.11,苏州,女,58
U5829,谈顺信,P84545,跑步鞋,运动,199.88,2024-01-14 04:53:21,2,399.76,杭州,女,64
U2767,殷顺炎,P48225,平板电脑,电子产品,7315.61,2024-02-20 17:22:32,2,14631.22,南京,女,40
U1738,蔡群,P96112,化妆刷套装,美妆,960.21,2024-03-29 10:52:22,3,2880.63,天津,男,25
U7610,干功翰,P22263,平板电脑,电子产品,8532.34,2024-03-21 03:06:34,1,8532.34,北京,女,43
U8743,项雄天,P51340,充电宝,电子产品,3234.29,2024-07-23 03:24:37,2,6468.58,南京,女,46
U6559,危群以,P62885,瑜伽垫,运动,668.67,2024-07-25 13:49:47,5,3343.35,深圳,男,19
U4420,陶永晨,P82919,瑜伽垫,运动,427.1,2024-05-08 09:23:59,3,1281.3,西安,女,55
U5288,谢壮子,P59850,收纳盒,家居,1450.67,2024-04-08 02:38:17,1,1450.67,天津,男,55
U3047,华浩翰,P69290,科幻小说,书籍,654.94,2024-01-28 23:47:34,5,3274.7,苏州,男,57
U9592,纪敬策,P66250,办公椅,家居,2720.7,2024-08-26 19:54:29,5,13603.5,西安,男,18
U6969,黄航学,P28494,历史书籍,书籍,98.86,2024-12-03 10:36:18,3,296.58,广州,男,59
U4646,贝树,P99376,桌游,玩具,349.29,2024-11-20 05:12:16,5,1746.45,广州,男,19
U5291,金明震,P75096,时尚杂志,书籍,275.73,2024-10-20 19:48:50,2,551.46,上海,男,32
U7354,虞士星,P53298,粉底液,美妆,229.93,2024-11-01 21:44:55,5,1149.65,成都,女,24
U1652,姜山胜,P12195,跑步鞋,运动,214.58,2024-11-18 20:30:47,3,643.74,深圳,男,19
U8166,钱富心,P30451,T恤,服装,476.13,2024-12-19 06:59:42,3,1428.39,北京,女,23
U3104,谈文会,P15598,羽毛球拍,运动,690.07,2024-09-09 06:42:30,2,1380.14,上海,女,28
U5983,薛会,P71193,遥控车,玩具,626.26,2024-01-13 00:37:15,5,3131.3,广州,女,45
U4668,花松雄,P77216,显示器,电子产品,9167.64,2024-12-15 09:06:02,1,9167.64,天津,男,45
U1674,云轮,P88806,跑步鞋,运动,566.8,2024-12-19 02:31:23,3,1700.4,上海,女,41
U1467,何朗强,P24830,洗发水,美妆,144.86,2024-08-01 02:12:49,4,579.44,天津,女,47
U3524,郝兴发,P86246,香水,美妆,134.44,2024-03-01 06:42:05,5,672.2,重庆,男,46
U1148,孟山良,P35960,智能手表,电子产品,3970.47,2024-11-01 02:11:39,2,7940.94,北京,男,28
U8525,龚豪学,P65017,跑步鞋,运动,236.4,2024-11-30 03:40:00,2,472.8,武汉,女,32
U3760,朱顺,P94993,变形金刚,玩具,177.76,2024-10-28 08:09:41,1,177.76,成都,女,30
U1558,汪厚,P42351,山地车,运动,651.44,2024-05-06 12:34:35,1,651.44,广州,男,44
U1401,薛德,P59467,运动鞋,服装,227.28,2024-10-17 11:39:59,2,454.56,苏州,男,18
U4489,雷兴时,P75527,口红,美妆,275.65,2024-07-29 18:09:30,4,1102.6,南京,男,60
U3125,屈鹏泽,P97497,羽绒服,服装,708.02,2024-04-26 02:17:49,1,708.02,南京,男,52
U2133,黄达,P84453,夹克,服装,29.16,2024-12-21 17:01:08,1,29.16,苏州,女,27
U3378,包雄河,P54519,篮球,运动,871.28,2024-05-01 16:45:03,1,871.28,南京,女,25
U8020,高强启,P60095,显示器,电子产品,9267.09,2024-06-07 13:22:55,5,46335.45,深圳,男,62
U9043,胡生超,P66483,羽绒服,服装,379.31,2024-02-03 15:49:44,1,379.31,成都,女,39
U2174,康亮泰,P46849,餐桌,家居,2733.6,2024-01-12 05:36:10,3,8200.8,北京,女,29
U3217,滕胜,P33407,口红,美妆,304.15,2024-10-11 08:35:53,1,304.15,南京,男,33
U3660,贾子,P58146,人物传记,书籍,958.2,2024-02-23 23:29:06,1,958.2,广州,男,28
U3250,杨承茂,P72199,运动鞋,服装,74.23,2024-06-16 20:59:19,4,296.92,西安,女,30
U1509,酆友善,P54250,变形金刚,玩具,903.04,2024-04-29 10:05:39,5,4515.2,苏州,女,48
U5844,支哲策,P21595,历史书籍,书籍,932.29,2024-07-26 20:08:16,4,3729.16,深圳,女,62
U1226,梁清兴,P62179,哑铃,运动,215.74,2024-10-16 20:59:15,1,215.74,广州,女,22
U9423,章梁才,P88149,山地车,运动,744.08,2024-04-03 06:31:10,3,2232.24,杭州,女,25
U6112,平宁斌,P89072,跳绳,运动,285.87,2024-07-26 16:10:22,4,1143.48,北京,男,51
U2247,孟天梁,P15252,桌游,玩具,88.66,2024-02-11 23:32:46,1,88.66,重庆,女,21
U1720,云毅,P27743,餐桌,家居,4093.41,2024-09-23 10:31:04,4,16373.64,深圳,女,28
U2309,伍平厚,P56453,跑步鞋,运动,366.81,2024-05-15 17:37:23,3,1100.43,深圳,女,45
U2334,宗群,P45823,乐高积木,玩具,270.9,2024-06-01 22:26:22,2,541.8,苏州,女,25
U3030,祝健,P57613,蓝牙耳机,电子产品,8858.64,2024-05-11 06:50:30,3,26575.92,武汉,男,42
U1851,伏全翰,P59922,化妆刷套装,美妆,159.28,2024-06-14 04:19:01,5,796.4,武汉,女,40
U8552,柏富才,P76328,夹克,服装,185.49,2024-03-15 18:32:34,1,185.49,成都,男,26
U1971,陶若才,P92049,羽毛球拍,运动,253.72,2024-03-30 17:37:53,3,761.16,天津,女,49
U7082,殷诚,P73511,跳绳,运动,416.95,2024-03-27 07:36:47,1,416.95,武汉,男,56
U2205,闵安言,P76850,心理学,书籍,150.53,2024-07-15 10:05:38,1,150.53,武汉,男,24
U6269,蓝风,P78128,遥控车,玩具,109.68,2024-12-21 20:51:36,3,329.04,武汉,男,45
U4289,李飞,P36615,连衣裙,服装,946.26,2024-06-24 18:05:46,2,1892.52,西安,男,39
U2979,苏会风,P23914,智能手表,电子产品,7409.35,2024-06-10 15:35:51,1,7409.35,南京,女,25
U6078,戴宁,P94425,科幻小说,书籍,430.86,2024-11-02 03:25:17,4,1723.44,上海,男,34
U9968,屈世政,P15158,沙发,家居,3669.11,2024-01-14 16:35:49,4,14676.44,苏州,女,35
U3344,毕岩健,P68254,办公椅,家居,2088.49,2024-07-30 18:49:34,1,2088.49,武汉,女,25
U2093,支泰民,P71749,科幻小说,书籍,554.61,2024-07-04 23:01:49,3,1663.83,上海,女,30
U7878,万榕树,P36602,羽毛球拍,运动,328.57,2024-12-26 14:02:07,3,985.71,苏州,女,47
U9983,孔俊,P75703,智能手表,电子产品,1105.82,2024-01-13 13:11:59,3,3317.46,苏州,男,19
U9140,鲍建,P67723,漫画,书籍,526.53,2024-06-10 07:08:06,1,526.53,杭州,女,34
U1875,雷固宁,P33843,抱枕,家居,2067.85,2024-11-11 09:51:01,2,4135.7,北京,男,48
U9951,单朗心,P93090,化妆刷套装,美妆,41.28,2024-04-17 21:03:38,2,82.56,北京,男,64
U5646,盛绍鹏,P92405,香水,美妆,257.93,2024-10-14 07:06:39,4,1031.72,武汉,男,59
U9684,奚辉,P75858,乐高积木,玩具,518.89,2024-07-07 09:31:42,4,2075.56,上海,男,42
U4718,钟震,P81858,牛仔裤,服装,313.62,2024-06-06 22:50:10,1,313.62,南京,男,23
U1582,元言贵,P73077,台灯,家居,193.73,2024-05-28 08:39:00,4,774.92,广州,女,58
U7112,周飞胜,P45159,口红,美妆,225.26,2024-01-06 05:29:51,5,1126.3,深圳,女,48
U7698,石若刚,P85985,餐桌,家居,611.36,2024-09-23 06:11:15,4,2445.44,北京,男,64
U8841,鲁清群,P90876,人物传记,书籍,329.29,2024-06-07 03:19:39,3,987.87,北京,女,39
U4213,童永博,P55566,平板电脑,电子产品,1042.75,2024-11-07 00:50:45,3,3128.25,苏州,男,25
U6048,盛涛,P24101,跑步鞋,运动,539.51,2024-11-08 00:41:27,4,2158.04,苏州,女,25
U8193,卞家进,P87369,抱枕,家居,2683.88,2024-01-11 12:28:00,2,5367.76,西安,男,29
U3278,杭超超,P60783,粉底液,美妆,555.63,2024-01-26 04:39:36,2,1111.26,重庆,女,50
U9940,贺飞河,P86559,科幻小说,书籍,239.21,2024-05-23 06:28:28,4,956.84,深圳,女,58
U6583,万建安,P21074,T恤,服装,527.39,2024-02-18 01:23:44,2,1054.78,杭州,男,56
U3914,伏清思,P60218,餐桌,家居,4338.59,2024-11-11 18:36:14,2,8677.18,苏州,女,64
U2340,昝林群,P36761,漫画,书籍,566.68,2024-08-17 10:05:01,4,2266.72,杭州,女,35
U5141,成泰,P60685,桌游,玩具,741.14,2024-09-24 02:21:49,3,2223.42,杭州,女,35
U3060,樊心建,P19993,显示器,电子产品,7410.39,2024-07-31 04:32:02,5,37051.95,天津,女,18
U4926,吕勇行,P70032,桌游,玩具,198.9,2024-10-17 04:07:19,3,596.7,武汉,女,41
U9532,林明元,P96472,牛仔裤,服装,661.3,2024-02-28 06:23:38,2,1322.6,西安,男,28
U2201,左福国,P76531,历史书籍,书籍,213.2,2024-07-05 04:15:28,1,213.2,苏州,男,64
U9636,范明武,P88617,瑜伽垫,运动,401.65,2024-09-12 08:38:13,3,1204.95,广州,女,48
U5917,舒康琛,P21173,抱枕,家居,2013.06,2024-09-10 16:05:50,5,10065.3,重庆,男,45
U9620,和朗琛,P93173,羽绒服,服装,882.27,2024-09-10 18:16:01,5,4411.35,上海,男,22
U6073,窦福会,P87922,乐高积木,玩具,765.07,2024-03-13 15:48:32,3,2295.21,深圳,女,42
U3318,郝家,P67489,山地车,运动,562.31,2024-10-10 23:38:56,4,2249.24,杭州,女,51
U2679,史松,P21790,运动鞋,服装,428.61,2024-01-22 06:13:08,5,2143.05,深圳,男,55
U4838,邵飞,P52470,餐桌,家居,1074.27,2024-08-23 18:49:06,2,2148.54,武汉,女,30
U1509,盛有若,P54584,笔记本电脑,电子产品,9936.92,2024-04-06 22:32:08,2,19873.84,杭州,女,43
U6436,奚和林,P76673,人物传记,书籍,981.36,2024-03-01 16:14:54,1,981.36,杭州,男,64
U7323,经松豪,P55864,心理学,书籍,840.8,2024-01-24 09:57:27,5,4204.0,重庆,女,21
U2733,殷超震,P77609,夹克,服装,33.35,2024-07-08 14:22:12,5,166.75,深圳,男,60
U3925,贺敬民,P21387,洗发水,美妆,44.12,2024-01-05 02:14:20,1,44.12,成都,女,48
U5968,刁思,P33441,沙发,家居,2531.51,2024-04-29 14:53:59,2,5063.02,苏州,女,32
U3497,费邦,P68765,沙发,家居,3330.56,2024-01-18 02:10:18,2,6661.12,杭州,男,46
U7981,梁策仁,P13837,科幻小说,书籍,96.75,2024-03-21 02:26:14,1,96.75,北京,女,61
U1331,苗雄超,P53135,跑步鞋,运动,964.82,2024-07-05 06:51:37,5,4824.1,西安,女,55
U4585,朱河,P62667,人物传记,书籍,27.66,2024-09-28 08:30:14,3,82.98,南京,女,45
U1043,郑胜家,P63813,人物传记,书籍,837.77,2024-12-24 20:32:33,2,1675.54,南京,女,52
U5853,童博,P86405,变形金刚,玩具,682.52,2024-10-26 04:32:19,1,682.52,西安,女,52
U7349,柳先弘,P49885,笔记本电脑,电子产品,8406.51,2024-04-21 20:48:22,3,25219.53,重庆,男,38
U8933,季庆彬,P15393,智能手表,电子产品,6012.19,2024-10-13 20:25:30,5,30060.95,苏州,女,25
U7052,宗德琛,P24728,办公椅,家居,4020.28,2024-05-06 12:28:36,1,4020.28,西安,女,51
U4100,房全龙,P31384,四件套,家居,4523.49,2024-07-17 22:23:14,3,13570.47,杭州,女,22
U8212,解梁,P18323,时尚杂志,书籍,360.06,2024-03-25 01:27:49,1,360.06,武汉,女,64
U5794,廉固,P27346,哑铃,运动,598.32,2024-11-11 04:06:12,1,598.32,武汉,男,54
U4017,应良茂,P10506,时尚杂志,书籍,701.71,2024-03-08 07:10:45,2,1403.42,武汉,男,61
U8405,罗栋博,P97147,跑步鞋,运动,74.85,2024-12-28 20:25:24,3,224.55,北京,男,21
U4677,鲁善翔,P29930,遥控车,玩具,478.9,2024-06-19 05:51:56,1,478.9,武汉,男,32
U2596,彭俊,P60087,连衣裙,服装,313.87,2024-06-20 03:27:53,4,1255.48,天津,女,53
U7836,方军诚,P80021,科幻小说,书籍,968.25,2024-11-02 20:06:32,4,3873.0,南京,男,63
U2914,郁岩茂,P58742,香水,美妆,969.62,2024-04-18 19:21:08,4,3878.48,广州,男,38
U1916,邓宁豪,P42815,时尚杂志,书籍,984.19,2024-06-12 15:15:02,2,1968.38,南京,女,60
U4065,姜茂河,P88213,遥控车,玩具,987.5,2024-04-07 06:36:35,2,1975.0,北京,男,37
U7471,吉飞绍,P52595,瑜伽垫,运动,549.72,2024-08-12 22:48:06,3,1649.16,深圳,女,53
U9787,江义祥,P98985,毛绒玩具,玩具,43.92,2024-07-07 01:24:28,3,131.76,苏州,男,28
U2358,时言,P57137,芭比娃娃,玩具,978.28,2024-03-27 18:32:24,3,2934.84,北京,女,45
U9685,祝弘,P45490,人物传记,书籍,690.61,2024-03-24 15:12:31,2,1381.22,北京,女,41
U9959,康群子,P74446,毛绒玩具,玩具,281.17,2024-07-11 14:58:03,4,1124.68,北京,女,36
U2270,江谦,P64042,蓝牙耳机,电子产品,9711.52,2024-05-20 11:29:54,3,29134.56,苏州,女,33
U7874,贾新翔,P54534,心理学,书籍,928.64,2024-10-28 09:49:43,5,4643.2,西安,男,65
U2008,褚梁维,P46802,抱枕,家居,4395.39,2024-05-26 01:53:31,2,8790.78,武汉,女,54
U4539,颜榕天,P12002,连衣裙,服装,225.28,2024-01-31 00:30:18,1,225.28,北京,男,62
U5797,米星旭,P20973,变形金刚,玩具,483.49,2024-07-23 15:51:09,3,1450.47,杭州,男,54
U7758,雷勇树,P78148,餐桌,家居,948.66,2024-10-22 17:18:51,1,948.66,南京,女,23
U6130,金朗天,P19135,办公椅,家居,4348.57,2024-06-14 17:55:25,3,13045.71,苏州,男,55
U2478,邬盛福,P44039,哑铃,运动,707.73,2024-06-28 08:34:41,2,1415.46,深圳,男,58
U1582,项裕之,P91173,瑜伽垫,运动,692.11,2024-12-28 07:33:50,3,2076.33,深圳,女,55
U5655,葛诚言,P99417,跳绳,运动,26.1,2024-08-17 16:49:07,5,130.5,上海,男,52
U9151,石会,P42733,跳绳,运动,535.77,2024-08-06 11:38:06,4,2143.08,苏州,女,65
U7725,余志,P16858,口红,美妆,822.88,2024-06-22 07:54:24,1,822.88,武汉,男,49
U2104,夏启,P73276,羽毛球拍,运动,49.87,2024-05-10 22:31:07,5,249.35,西安,女,47
U4708,卢才功,P25117,夹克,服装,785.09,2024-07-27 03:06:47,1,785.09,苏州,男,40
U5697,经榕,P67628,毛绒玩具,玩具,184.93,2024-08-16 09:06:56,3,554.79,广州,女,54
U8771,邱达树,P28049,时尚杂志,书籍,701.77,2024-10-08 06:21:10,4,2807.08,西安,女,51
U4054,贲群致,P15405,跑步鞋,运动,249.87,2024-02-22 23:34:37,3,749.61,武汉,女,54
U7617,危亨坚,P57632,芭比娃娃,玩具,331.54,2024-04-21 05:14:23,5,1657.7,深圳,女,59
U9272,钱震,P62937,防晒霜,美妆,387.29,2024-03-04 16:13:24,2,774.58,广州,女,58
U4125,胡克厚,P13004,防晒霜,美妆,856.59,2024-05-14 23:30:42,5,4282.95,南京,女,53
U5985,吕时辰,P83797,人物传记,书籍,23.13,2024-03-01 15:21:15,2,46.26,深圳,女,55
U6636,郑健刚,P30915,智能手机,电子产品,7697.9,2024-09-22 14:56:58,2,15395.8,天津,女,35
U9304,韩东,P60925,沙发,家居,3477.83,2024-10-12 13:11:12,4,13911.32,成都,男,53
U7908,昌波,P90043,粉底液,美妆,915.11,2024-04-27 16:24:44,1,915.11,苏州,女,37
U4821,钱福俊,P29230,篮球,运动,266.11,2024-02-06 11:26:14,5,1330.55,广州,女,31
U6369,黄健力,P67518,芭比娃娃,玩具,166.93,2024-01-06 14:23:14,4,667.72,苏州,女,20
U3633,狄浩勇,P90469,卫衣,服装,322.38,2024-08-29 03:24:25,1,322.38,苏州,女,60
U9178,杭维腾,P79945,哑铃,运动,665.87,2024-01-25 20:09:54,2,1331.74,天津,男,29
U8699,赵哲,P79648,口红,美妆,474.49,2024-07-05 21:44:48,4,1897.96,北京,女,63
U5209,鲁彬,P96994,变形金刚,玩具,694.01,2024-07-17 21:53:46,2,1388.02,上海,女,34
U8025,章伟,P47191,粉底液,美妆,649.45,2024-03-19 15:05:45,4,2597.8,北京,女,25
U6621,祝林时,P64879,漫画,书籍,331.51,2024-10-05 01:07:51,1,331.51,天津,女,56
U6433,唐航昌,P51693,蓝牙耳机,电子产品,9814.19,2024-01-18 06:32:43,4,39256.76,广州,男,32
U2019,黄发朗,P89182,笔记本电脑,电子产品,4503.32,2024-07-03 23:57:15,2,9006.64,西安,男,54
U3293,严康文,P57940,乐高积木,玩具,445.44,2024-07-20 22:58:50,2,890.88,深圳,男,44
U2690,梅岩才,P60400,办公椅,家居,3946.26,2024-10-04 10:40:58,1,3946.26,上海,男,19
U5699,房昌琛,P17269,瑜伽垫,运动,613.43,2024-03-04 03:23:01,5,3067.15,广州,女,55
U4303,谢钧飞,P48175,遥控车,玩具,845.97,2024-12-08 09:27:08,1,845.97,天津,女,33
U6004,任岩保,P79122,心理学,书籍,572.36,2024-04-25 22:37:22,5,2861.8,苏州,女,63
U9698,梅震伯,P13197,洗发水,美妆,208.09,2024-10-27 20:37:18,4,832.36,南京,女,33
U3862,安士琛,P10591,防晒霜,美妆,799.18,2024-07-12 16:03:23,2,1598.36,杭州,男,32
U2399,施光心,P18568,充电宝,电子产品,2190.71,2024-05-01 12:00:59,4,8762.84,北京,女,44
U3433,彭震楠,P66775,毛绒玩具,玩具,413.6,2024-08-25 16:06:04,3,1240.8,深圳,男,51
U9103,昝仁河,P19767,笔记本电脑,电子产品,4249.91,2024-06-11 21:59:37,5,21249.55,北京,男,45
U7876,汤翔贵,P62515,收纳盒,家居,2992.68,2024-01-15 19:42:02,5,14963.4,西安,男,27
U7720,包树谦,P91999,T恤,服装,779.87,2024-07-28 19:10:38,4,3119.48,上海,男,37
U5053,倪山全,P13111,平板电脑,电子产品,8351.18,2024-12-01 03:41:59,1,8351.18,苏州,女,64
U8163,阮林才,P36879,历史书籍,书籍,984.98,2024-12-05 17:31:54,5,4924.9,南京,男,36
U7471,汪宏,P73427,抱枕,家居,3261.69,2024-07-24 15:43:34,3,9785.07,南京,女,47
U7485,万有,P11721,变形金刚,玩具,163.88,2024-12-01 14:56:39,3,491.64,重庆,男,37
U4535,姚亮致,P13907,变形金刚,玩具,304.74,2024-01-16 14:42:46,4,1218.96,杭州,男,52
U8362,盛晨天,P61695,智能手机,电子产品,9224.03,2024-04-20 06:07:32,1,9224.03,苏州,男,39
U3633,金保,P89021,历史书籍,书籍,448.29,2024-02-02 16:48:33,1,448.29,深圳,女,31
U6846,石祥山,P33025,平板电脑,电子产品,932.63,2024-04-24 06:52:57,2,1865.26,北京,女,31
U4136,韦壮裕,P32738,夹克,服装,260.61,2024-12-12 14:40:17,3,781.83,成都,男,57
U4837,齐雄辰,P98216,芭比娃娃,玩具,693.86,2024-05-13 18:46:37,5,3469.3,重庆,男,19
U3869,阮哲,P20987,历史书籍,书籍,222.14,2024-08-03 22:44:41,3,666.42,上海,女,24
U8462,茅之,P45569,时尚杂志,书籍,654.5,2024-02-12 09:42:36,5,3272.5,天津,女,23
U5140,茅策楠,P62265,显示器,电子产品,8681.93,2024-11-12 15:38:16,1,8681.93,西安,男,63
U9460,云涛,P68337,平板电脑,电子产品,7179.92,2024-06-22 16:45:08,5,35899.6,南京,男,45
U4534,包善贵,P22659,乐高积木,玩具,402.22,2024-03-06 05:59:55,3,1206.66,成都,女,53
U2004,王会宁,P10814,餐桌,家居,861.48,2024-02-23 11:42:34,3,2584.44,杭州,女,41
U9497,应心彪,P63633,洗发水,美妆,376.82,2024-02-16 12:36:35,5,1884.1,南京,女,28
U7905,吴顺,P29892,智能手机,电子产品,5777.94,2024-03-22 18:43:01,2,11555.88,广州,女,48
U8499,邬坚生,P56561,拼图,玩具,67.87,2024-01-09 03:35:29,3,203.61,苏州,男,28
U2471,凤绍有,P20004,夹克,服装,48.51,2024-01-21 11:54:42,4,194.04,深圳,女,35
U8083,柏亨和,P16094,卫衣,服装,863.4,2024-12-24 08:17:56,3,2590.2,武汉,女,49
U2424,杜刚明,P55313,历史书籍,书籍,640.0,2024-10-25 19:18:00,5,3200.0,西安,男,59
U7145,吕善强,P23707,运动鞋,服装,654.72,2024-01-16 08:29:48,2,1309.44,上海,男,37
U1703,汪顺钧,P70627,技术教材,书籍,477.32,2024-11-24 19:50:57,2,954.64,天津,女,34
U2820,魏龙翔,P41620,时尚杂志,书籍,709.46,2024-12-15 03:54:40,4,2837.84,成都,女,29
U6232,钟胜武,P94746,拼图,玩具,505.38,2024-02-20 19:35:44,1,505.38,杭州,女,34
U7379,丁俊河,P79249,防晒霜,美妆,267.51,2024-12-05 03:29:43,1,267.51,杭州,女,65
U6858,贺星,P43193,遥控车,玩具,766.28,2024-12-18 05:06:00,5,3831.4,深圳,女,42
U6280,喻武言,P31103,漫画,书籍,463.3,2024-08-10 03:03:27,2,926.6,成都,女,23
U2199,盛顺,P27782,口红,美妆,93.69,2024-03-16 23:09:14,5,468.45,深圳,男,59
U5163,季强波,P46640,面霜,美妆,404.07,2024-06-01 23:26:15,1,404.07,南京,男,44
U9249,章光震,P55904,化妆刷套装,美妆,924.8,2024-01-28 05:58:13,1,924.8,南京,女,24
U1519,吕山辉,P71141,笔记本电脑,电子产品,7767.32,2024-11-06 19:02:18,5,38836.6,苏州,女,31
U1095,滕星光,P19426,办公椅,家居,4395.33,2024-03-23 12:20:04,5,21976.65,杭州,男,24
U5534,孔之豪,P43582,智能手表,电子产品,6892.3,2024-09-07 11:51:39,5,34461.5,上海,女,21
U3997,汤彪泽,P96089,桌游,玩具,42.93,2024-03-08 21:36:38,3,128.79,上海,女,24
U5284,赵功,P98899,智能手表,电子产品,876.43,2024-01-24 20:59:44,5,4382.15,天津,男,54
U7319,彭时伯,P87510,收纳盒,家居,3775.52,2024-06-10 14:57:19,4,15102.08,上海,男,30
U9041,常时,P59425,T恤,服装,981.17,2024-02-04 10:31:38,4,3924.68,广州,女,57
U6675,金进岩,P36975,蓝牙耳机,电子产品,7812.42,2024-06-13 06:42:03,4,31249.68,苏州,男,50
U2283,单超进,P73239,牛仔裤,服装,418.8,2024-11-28 05:57:21,5,2094.0,苏州,女,35
U4554,喻彬元,P87861,羽绒服,服装,230.3,2024-11-05 20:51:43,1,230.3,重庆,女,20
U3081,谈仁,P65761,餐桌,家居,1025.59,2024-09-15 23:40:53,2,2051.18,广州,女,26
U5192,秦宁厚,P41381,乐高积木,玩具,499.96,2024-08-05 00:25:08,1,499.96,杭州,男,25
U7114,杭敬刚,P46642,毛绒玩具,玩具,497.0,2024-01-16 10:14:02,4,1988.0,成都,女,32
U6531,路楠榕,P22083,乐高积木,玩具,984.03,2024-03-03 15:55:15,1,984.03,天津,女,22
U5597,孔有,P50489,漫画,书籍,327.48,2024-04-04 21:23:08,1,327.48,成都,女,32
U2281,宗思政,P95676,口红,美妆,191.04,2024-01-05 18:04:11,3,573.12,苏州,男,24
U6906,宣绍学,P12784,智能手表,电子产品,2571.74,2024-04-12 01:03:12,3,7715.22,成都,男,33
U3428,方轮,P28835,智能手机,电子产品,7264.26,2024-04-08 18:47:20,1,7264.26,成都,男,25
U1143,臧谦,P95102,乐高积木,玩具,240.5,2024-01-04 11:28:45,4,962.0,成都,男,54
U6028,常福震,P50269,抱枕,家居,4371.83,2024-08-22 01:06:21,2,8743.66,北京,女,36
U7890,贝斌,P36970,跑步鞋,运动,775.87,2024-11-08 03:53:40,3,2327.61,广州,男,33
U9533,殷发风,P68694,时尚杂志,书籍,354.92,2024-04-13 07:24:47,5,1774.6,上海,男,61
U8349,宋士富,P13507,羽绒服,服装,746.75,2024-01-03 14:58:39,3,2240.25,北京,男,50
U6978,纪龙,P98515,T恤,服装,351.3,2024-02-07 17:02:20,4,1405.2,南京,男,51
U9500,毕彪德,P55109,人物传记,书籍,265.36,2024-11-06 21:50:19,3,796.08,深圳,男,43
U7070,伏文思,P85817,运动鞋,服装,786.11,2024-09-21 09:30:13,1,786.11,北京,女,33
U9460,支峰杰,P49418,显示器,电子产品,2509.96,2024-02-12 03:24:10,2,5019.92,西安,男,62
U7430,齐光志,P70974,智能手机,电子产品,5854.77,2024-04-30 02:14:52,1,5854.77,重庆,女,58
U1953,崔波栋,P80476,漫画,书籍,652.09,2024-02-08 07:55:53,4,2608.36,武汉,男,39
U9408,任岩,P39595,办公椅,家居,2825.39,2024-02-21 06:10:44,4,11301.56,南京,女,20
U2390,支群,P92933,夹克,服装,503.23,2024-08-08 11:12:39,5,2516.15,天津,女,53
U4219,费维固,P85603,篮球,运动,543.19,2024-04-01 22:53:11,4,2172.76,杭州,男,62
U3624,袁全,P41185,收纳盒,家居,1873.37,2024-08-10 15:11:49,2,3746.74,天津,男,55
U7461,颜雄光,P50939,充电宝,电子产品,5289.12,2024-09-02 18:44:28,5,26445.6,北京,女,44
U9509,韦亮兴,P79608,遥控车,玩具,473.01,2024-11-09 16:35:44,4,1892.04,深圳,女,18
U8501,项轮,P65757,芭比娃娃,玩具,700.4,2024-07-22 10:26:27,1,700.4,北京,男,26
U7428,尤世峰,P65524,显示器,电子产品,2560.69,2024-11-02 23:01:09,4,10242.76,西安,男,31
U6333,鲍林,P39317,抱枕,家居,4320.51,2024-07-28 20:27:06,4,17282.04,上海,男,23
U4062,宣勇雄,P19488,篮球,运动,484.44,2024-01-18 20:06:48,1,484.44,武汉,女,26
U6383,花士冠,P18956,平板电脑,电子产品,6676.74,2024-10-25 12:12:30,2,13353.48,南京,男,48
U8530,童海,P56957,沙发,家居,3148.22,2024-12-16 21:45:27,4,12592.88,南京,男,38
U4879,奚盛顺,P87586,科幻小说,书籍,592.99,2024-04-26 04:23:52,4,2371.96,上海,女,35
U9439,茅启成,P40823,蓝牙耳机,电子产品,6547.35,2024-06-08 21:42:27,1,6547.35,上海,男,27
U8286,毕福辉,P12286,毛绒玩具,玩具,51.5,2024-05-16 20:40:59,2,103.0,武汉,男,18
U2918,郁豪壮,P98464,平板电脑,电子产品,5323.1,2024-10-22 17:51:21,3,15969.3,广州,男,65
U9579,何伟富,P75954,洗发水,美妆,331.38,2024-12-25 16:19:41,1,331.38,深圳,女,21
U3282,韩新子,P33703,口红,美妆,313.29,2024-11-01 08:59:01,5,1566.45,杭州,女,44
U8167,卜楠,P58333,卫衣,服装,611.12,2024-12-27 14:55:34,2,1222.24,重庆,女,46
U3126,卢明,P60177,篮球,运动,892.11,2024-05-17 22:09:25,2,1784.22,广州,女,24
U9426,戚刚哲,P78250,收纳盒,家居,2693.95,2024-08-24 13:48:16,2,5387.9,天津,男,45
U8061,李钧顺,P62926,口红,美妆,976.33,2024-07-14 21:20:21,4,3905.32,杭州,男,38
U9186,殷盛杰,P18594,跳绳,运动,47.93,2024-05-15 03:37:18,2,95.86,上海,女,28
U6610,项飞磊,P82154,遥控车,玩具,505.57,2024-01-30 09:58:22,1,505.57,南京,男,51
U5848,梁民,P61643,乐高积木,玩具,318.57,2024-10-01 19:22:36,4,1274.28,武汉,女,52
U3005,奚亨涛,P22925,蓝牙耳机,电子产品,5057.98,2024-02-08 08:28:40,2,10115.96,杭州,男,24
U9149,贺成梁,P93418,芭比娃娃,玩具,261.83,2024-10-07 07:23:39,3,785.49,北京,男,59
U2954,宗俊松,P55218,防晒霜,美妆,31.59,2024-02-06 05:58:37,1,31.59,杭州,男,45
U6913,殷国彬,P52904,蓝牙耳机,电子产品,9284.49,2024-08-18 03:50:31,5,46422.45,成都,女,35
U2694,傅文,P41698,蓝牙耳机,电子产品,4426.76,2024-07-17 08:35:39,4,17707.04,重庆,女,48
U3476,汤松松,P21609,牛仔裤,服装,815.13,2024-02-10 11:33:26,4,3260.52,天津,男,56
U1550,陈腾弘,P58368,羽毛球拍,运动,691.92,2024-03-12 11:31:29,3,2075.76,西安,男,36
U5627,贺刚承,P24702,桌游,玩具,105.96,2024-09-08 03:00:23,4,423.84,深圳,男,31
U7535,郎心善,P77684,连衣裙,服装,214.42,2024-10-21 00:46:37,2,428.84,重庆,女,56
U9003,冯乐龙,P74301,平板电脑,电子产品,5978.77,2024-03-17 09:12:47,5,29893.85,南京,男,49
U5884,刁全世,P11882,跳绳,运动,783.89,2024-10-01 09:57:30,5,3919.45,天津,女,50
U9674,倪彪峰,P88775,收纳盒,家居,498.64,2024-11-21 08:03:53,5,2493.2,南京,女,36
U7204,毛致利,P30131,历史书籍,书籍,768.44,2024-12-04 17:52:37,5,3842.2,北京,女,61
U8352,湛强,P98254,桌游,玩具,747.5,2024-03-13 00:50:02,4,2990.0,南京,女,56
U9377,尹海炎,P13852,洗发水,美妆,193.88,2024-05-09 11:43:23,5,969.4,西安,男,36
U4701,蓝良致,P81730,办公椅,家居,1544.59,2024-10-10 17:45:47,2,3089.18,重庆,男,26
U5076,祝河朗,P98147,蓝牙耳机,电子产品,1263.73,2024-06-05 12:52:36,3,3791.19,西安,男,61
U7518,常伟志,P69455,平板电脑,电子产品,2717.51,2024-07-12 00:25:41,3,8152.53,重庆,女,20
U9043,岑和先,P74706,四件套,家居,1863.7,2024-07-28 01:49:19,5,9318.5,成都,女,30
U3647,穆志,P65228,办公椅,家居,2457.93,2024-03-28 15:26:43,1,2457.93,杭州,女,50
U1220,盛保,P34810,遥控车,玩具,702.32,2024-03-23 09:48:13,3,2106.96,苏州,男,31
U5574,纪武辉,P32733,面霜,美妆,550.04,2024-01-05 08:47:04,2,1100.08,西安,男,42
U7692,刁俊,P20421,粉底液,美妆,610.97,2024-10-15 18:51:41,4,2443.88,北京,男,53
U4734,齐生,P89004,显示器,电子产品,4606.78,2024-11-03 08:34:47,3,13820.34,天津,女,59
U5950,刁承腾,P98102,餐桌,家居,3870.66,2024-10-12 03:04:22,1,3870.66,南京,女,30
U2263,康武善,P40507,运动鞋,服装,906.62,2024-05-10 10:43:07,2,1813.24,重庆,男,50
U3372,奚宁,P88735,哑铃,运动,982.19,2024-12-10 07:03:38,3,2946.57,重庆,女,46
U9670,酆富楠,P47697,历史书籍,书籍,354.15,2024-07-09 02:55:03,4,1416.6,深圳,男,26
U2454,贺榕承,P44769,卫衣,服装,424.31,2024-04-15 15:50:52,1,424.31,广州,女,40
U9922,金成义,P66595,抱枕,家居,4869.97,2024-02-09 19:02:19,5,24349.85,苏州,女,51
U5642,苏祥,P95031,T恤,服装,576.32,2024-08-20 09:11:54,2,1152.64,西安,男,47
U2618,雷乐,P99701,时尚杂志,书籍,997.35,2024-12-07 08:40:10,2,1994.7,西安,女,53
U4310,宋辉冠,P77328,办公椅,家居,4204.23,2024-02-15 17:08:19,2,8408.46,上海,男,19
U3789,康光伦,P34437,历史书籍,书籍,913.4,2024-06-17 19:10:12,4,3653.6,深圳,女,31
U5298,董政贵,P31244,技术教材,书籍,991.49,2024-10-01 16:33:44,4,3965.96,西安,男,64
U9179,刁胜朋,P97951,瑜伽垫,运动,382.36,2024-04-17 17:49:57,2,764.72,杭州,女,32
U9088,明清勇,P10417,羽毛球拍,运动,482.85,2024-05-04 23:22:45,4,1931.4,北京,男,41
U3873,毛志,P75254,山地车,运动,538.05,2024-01-28 06:37:05,2,1076.1,北京,男,50
U3832,蒋家,P47995,瑜伽垫,运动,853.48,2024-09-24 07:23:49,1,853.48,北京,男,28
U3360,潘雄泽,P61639,篮球,运动,751.17,2024-11-17 17:55:02,1,751.17,成都,女,32
U3895,田心,P60655,防晒霜,美妆,566.47,2024-07-24 18:35:31,5,2832.35,上海,女,39
U1915,曹德武,P46216,卫衣,服装,941.56,2024-02-18 16:32:07,3,2824.68,北京,男,52
U4813,危启鹏,P24272,粉底液,美妆,56.68,2024-05-08 05:34:01,4,226.72,北京,男,37
U2121,经光全,P52011,智能手表,电子产品,4016.85,2024-08-14 22:48:22,3,12050.55,天津,男,25
U9963,麻发克,P80194,哑铃,运动,449.18,2024-08-04 14:31:26,5,2245.9,广州,女,61
U8228,汤琛,P43326,运动鞋,服装,317.59,2024-10-15 17:32:37,5,1587.95,南京,女,37
U3949,陈旭旭,P97869,平板电脑,电子产品,5945.51,2024-10-16 10:09:33,3,17836.53,南京,女,49
U6201,吉弘泰,P99856,羽绒服,服装,296.74,2024-01-04 19:12:49,2,593.48,深圳,男,22
U9146,华泽峰,P31221,瑜伽垫,运动,394.75,2024-07-09 13:36:10,4,1579.0,天津,男,51
U4586,蒋文利,P18053,桌游,玩具,681.41,2024-05-07 07:20:26,5,3407.05,深圳,男,37
U4642,苏峰军,P60802,乐高积木,玩具,57.95,2024-08-20 14:04:49,1,57.95,南京,男,35
U1043,穆磊中,P89079,显示器,电子产品,6286.97,2024-05-31 10:35:05,1,6286.97,苏州,男,29
U3771,娄旭,P45760,乐高积木,玩具,364.69,2024-04-17 21:01:46,2,729.38,广州,男,27
U2446,费永超,P10262,跳绳,运动,944.17,2024-08-14 08:18:15,2,1888.34,杭州,男,45
U7219,丁达顺,P43186,四件套,家居,3051.05,2024-05-30 13:10:01,5,15255.25,天津,男,38
U3567,贺顺,P71227,变形金刚,玩具,823.21,2024-11-24 00:00:56,5,4116.05,北京,男,62
U5320,尹群彬,P96186,智能手机,电子产品,6492.83,2024-11-18 10:55:01,1,6492.83,天津,男,38
U3471,唐冠,P33501,技术教材,书籍,200.35,2024-11-03 15:26:28,2,400.7,上海,女,57
U9534,支晨达,P54456,人物传记,书籍,273.07,2024-07-05 00:39:35,4,1092.28,天津,女,44
U5318,龚行朋,P57651,漫画,书籍,126.49,2024-02-15 11:55:07,5,632.45,上海,男,28
U3794,房风,P12420,心理学,书籍,781.8,2024-04-28 10:51:44,2,1563.6,成都,男,18
U2432,卫振元,P43191,四件套,家居,295.24,2024-03-31 10:14:21,3,885.72,上海,女,54
U6789,黄敬兴,P84196,连衣裙,服装,918.72,2024-02-29 10:17:46,3,2756.16,重庆,女,38
U5472,伏明士,P89358,跑步鞋,运动,746.32,2024-10-02 10:01:54,4,2985.28,北京,女,42
U9675,殷钧策,P90904,运动鞋,服装,634.9,2024-08-25 22:52:02,3,1904.7,苏州,女,64
U3670,成政俊,P77750,历史书籍,书籍,155.42,2024-12-06 05:17:57,3,466.26,南京,女,32
U7224,成利邦,P57034,办公椅,家居,3879.26,2024-10-14 21:16:56,1,3879.26,广州,男,19
U7010,顾子旭,P15463,运动鞋,服装,846.38,2024-08-01 21:57:54,4,3385.52,北京,女,53
U5677,秦旭,P92664,智能手表,电子产品,4486.9,2024-03-11 10:26:23,3,13460.7,天津,男,56
U4004,姚航,P31793,运动鞋,服装,137.33,2024-07-28 07:01:04,5,686.65,上海,女,63
U7649,齐清超,P44366,平板电脑,电子产品,2488.95,2024-07-03 17:59:32,2,4977.9,武汉,女,28
U4686,臧江,P13180,桌游,玩具,203.79,2024-04-30 07:52:23,1,203.79,深圳,男,34
U1086,姜鸣树,P35010,洗发水,美妆,708.0,2024-08-29 13:04:48,3,2124.0,西安,女,34
U5424,康钧刚,P36724,T恤,服装,312.09,2024-09-26 01:43:29,5,1560.45,成都,女,23
U2653,柯朋庆,P13835,跳绳,运动,403.44,2024-12-23 12:16:49,5,2017.2,南京,男,30
U6396,苗旭,P65680,餐桌,家居,4886.78,2024-12-08 21:52:15,4,19547.12,武汉,男,47
U2700,苏保诚,P47639,芭比娃娃,玩具,193.99,2024-09-04 15:17:37,4,775.96,天津,男,46
U2008,左仁鹏,P43565,四件套,家居,3906.03,2024-04-24 08:38:25,1,3906.03,成都,女,62
U8985,丁旭贵,P73586,科幻小说,书籍,183.94,2024-02-05 04:13:46,4,735.76,重庆,女,53
U6251,鲍腾祥,P23750,夹克,服装,745.29,2024-04-11 15:54:59,4,2981.16,深圳,女,59
U1642,杭康,P84257,遥控车,玩具,527.6,2024-01-17 10:30:00,1,527.6,上海,男,64
U1167,季奇群,P21914,笔记本电脑,电子产品,9475.9,2024-06-04 16:13:15,4,37903.6,上海,男,34
U9921,章子震,P59678,粉底液,美妆,95.43,2024-09-12 12:56:07,3,286.29,成都,女,63
U5748,廉辉豪,P43157,芭比娃娃,玩具,351.02,2024-07-01 20:04:31,3,1053.06,南京,男,65
U9297,喻东,P90160,技术教材,书籍,84.35,2024-02-17 06:53:10,4,337.4,武汉,男,43
U4463,郭林若,P79810,技术教材,书籍,67.37,2024-11-09 17:13:23,2,134.74,杭州,女,56
U8898,董俊毅,P78058,四件套,家居,239.98,2024-03-01 14:45:51,3,719.94,苏州,女,27
U9508,纪亨雄,P17318,羽绒服,服装,466.74,2024-05-23 07:57:36,1,466.74,广州,女,58
U5778,毛泰利,P80020,洗发水,美妆,346.57,2024-10-07 17:12:52,1,346.57,深圳,女,39
U1154,童进政,P84139,跳绳,运动,354.91,2024-03-28 11:38:26,1,354.91,重庆,男,30
U6912,危光,P93743,智能手表,电子产品,8028.7,2024-12-02 16:49:08,3,24086.1,深圳,女,23
U4738,宋风辰,P83085,牛仔裤,服装,907.81,2024-02-18 04:32:30,5,4539.05,天津,男,49
U3574,柳行邦,P13552,时尚杂志,书籍,327.46,2024-10-02 03:57:22,1,327.46,苏州,女,45
U3422,臧泽政,P67871,羽绒服,服装,126.07,2024-12-13 23:41:27,1,126.07,西安,男,39
U8560,花建克,P56882,化妆刷套装,美妆,118.06,2024-07-28 00:51:33,5,590.3,武汉,女,62
U7481,苗维辉,P99464,蓝牙耳机,电子产品,7794.68,2024-06-01 03:36:26,1,7794.68,杭州,女,26
U7918,左永光,P56947,平板电脑,电子产品,1266.4,2024-11-26 01:27:22,3,3799.2,重庆,男,41
U4932,莫峰,P72260,跳绳,运动,774.82,2024-07-10 10:38:54,4,3099.28,上海,女,34
U4356,解言,P83713,羽毛球拍,运动,698.66,2024-03-16 05:51:40,4,2794.64,成都,女,48
U8042,安新岩,P93074,羽毛球拍,运动,821.74,2024-03-22 07:30:38,3,2465.22,天津,男,58
U2861,戚博泰,P84566,牛仔裤,服装,975.65,2024-12-30 05:14:57,4,3902.6,北京,男,47
U7893,石钧江,P94201,智能手机,电子产品,5584.18,2024-01-17 21:34:11,3,16752.54,南京,男,40
U2721,舒富,P20034,毛绒玩具,玩具,595.61,2024-04-04 22:37:21,4,2382.44,重庆,女,60
U7249,鲁辰河,P48420,漫画,书籍,416.16,2024-01-28 00:38:25,4,1664.64,北京,男,59
U7311,酆克,P57421,餐桌,家居,2910.0,2024-01-11 00:26:54,1,2910.0,南京,女,56
U6228,明磊茂,P17580,人物传记,书籍,59.97,2024-04-05 09:32:52,4,239.88,西安,女,58
U6547,任涛维,P43055,羽绒服,服装,743.72,2024-05-17 05:54:28,4,2974.88,苏州,男,25
U7574,虞钧强,P71239,羽毛球拍,运动,576.94,2024-09-12 14:48:33,1,576.94,成都,女,63
U8777,萧力文,P51339,充电宝,电子产品,5388.66,2024-01-09 10:25:09,4,21554.64,北京,男,61
U9513,余泽树,P59616,口红,美妆,679.76,2024-02-11 19:36:17,4,2719.04,上海,男,63
U5620,邓斌文,P42955,显示器,电子产品,5603.09,2024-01-11 22:06:57,4,22412.36,苏州,女,53
U3608,任江泽,P17990,洗发水,美妆,416.18,2024-08-30 05:46:44,5,2080.9,天津,女,23
U2824,陶伟安,P58781,香水,美妆,449.35,2024-06-25 07:15:08,1,449.35,杭州,女,21
U3780,童辰诚,P62079,显示器,电子产品,9074.71,2024-09-13 20:09:55,2,18149.42,成都,男,39
U7793,周之,P99639,蓝牙耳机,电子产品,8368.64,2024-06-11 21:17:50,5,41843.2,苏州,女,57
U7429,姚楠德,P25566,变形金刚,玩具,204.02,2024-01-28 20:37:20,3,612.06,广州,女,35
U6659,彭顺,P74579,心理学,书籍,159.08,2024-09-07 00:54:44,1,159.08,南京,男,64
U6993,田之,P31900,跑步鞋,运动,866.56,2024-09-06 04:43:32,4,3466.24,成都,男,40
U3675,柯先涛,P34028,面霜,美妆,23.57,2024-07-27 04:48:29,4,94.28,上海,女,56
U8761,伍振,P30883,洗发水,美妆,733.42,2024-06-18 03:40:01,1,733.42,上海,女,53
U2433,张元腾,P94036,蓝牙耳机,电子产品,9213.54,2024-05-14 05:54:40,1,9213.54,武汉,女,34
U2678,褚冠鹏,P97448,人物传记,书籍,183.51,2024-07-14 09:06:14,4,734.04,北京,女,20
U3856,丁利士,P17266,跑步鞋,运动,395.05,2024-03-09 10:03:37,4,1580.2,南京,女,42
U4801,苗健,P21443,变形金刚,玩具,849.58,2024-07-28 23:25:52,2,1699.16,天津,男,62
U6864,闵行,P14327,四件套,家居,3639.74,2024-10-11 06:14:45,1,3639.74,上海,男,40
U3849,秦岩,P80217,羽绒服,服装,840.89,2024-07-18 17:45:45,2,1681.78,天津,男,57
U4378,蓝广雄,P31648,香水,美妆,181.53,2024-01-03 10:36:50,3,544.59,广州,女,58
U3740,郭波健,P10773,漫画,书籍,974.72,2024-03-24 21:00:02,5,4873.6,杭州,女,40
U8586,齐力磊,P60699,时尚杂志,书籍,501.12,2024-05-28 02:53:14,4,2004.48,广州,女,46
U5075,喻树朋,P63617,跳绳,运动,378.26,2024-10-18 00:29:44,4,1513.04,武汉,男,19
U3174,苗诚清,P36606,防晒霜,美妆,764.15,2024-06-09 00:51:09,2,1528.3,西安,男,45
U3401,路钧,P17862,洗发水,美妆,987.66,2024-05-12 16:15:21,1,987.66,广州,男,24
U6654,麻德斌,P94987,历史书籍,书籍,786.05,2024-01-27 01:56:45,1,786.05,上海,男,26
U8037,郝翰裕,P48502,香水,美妆,458.57,2024-09-30 15:36:20,1,458.57,苏州,女,58
U1659,明伦亨,P45282,羽毛球拍,运动,531.73,2024-04-10 21:46:05,2,1063.46,上海,男,40
U6976,倪广,P48865,平板电脑,电子产品,5175.5,2024-01-12 09:35:49,3,15526.5,杭州,女,47
U5780,熊志振,P28841,连衣裙,服装,759.14,2024-01-17 16:53:35,4,3036.56,天津,男,58
U1736,时杰,P98979,漫画,书籍,380.81,2024-05-19 16:15:06,4,1523.24,深圳,男,27
U5801,万功固,P19307,心理学,书籍,678.85,2024-12-21 14:53:51,1,678.85,北京,男,59
U3783,章以朗,P85968,面霜,美妆,990.06,2024-01-13 22:29:37,2,1980.12,重庆,男,36
U6909,严进亨,P29543,篮球,运动,957.56,2024-12-15 20:07:03,4,3830.24,重庆,男,42
U1778,罗敬彬,P66470,毛绒玩具,玩具,301.75,2024-08-17 16:29:22,4,1207.0,杭州,男,65
U1093,阮胜子,P42829,显示器,电子产品,5398.7,2024-06-15 04:39:14,1,5398.7,南京,女,28
U4184,李克善,P55683,心理学,书籍,421.21,2024-08-26 17:51:57,2,842.42,北京,男,33
U1775,任晨功,P33111,运动鞋,服装,522.3,2024-10-30 02:42:57,1,522.3,苏州,女,32
U6475,褚政峰,P39470,乐高积木,玩具,738.81,2024-05-18 18:19:28,5,3694.05,重庆,女,61
U9233,冯致震,P20176,化妆刷套装,美妆,742.46,2024-05-29 09:03:14,2,1484.92,天津,女,37
U7019,元之壮,P13068,夹克,服装,175.36,2024-11-03 09:45:11,5,876.8,深圳,男,40
U9566,俞朋海,P95773,桌游,玩具,329.91,2024-03-18 15:08:17,5,1649.55,广州,男,63
U2743,陈启鸣,P37405,瑜伽垫,运动,888.81,2024-11-14 22:19:37,1,888.81,深圳,女,18
U1988,张之新,P71417,口红,美妆,730.15,2024-09-08 05:54:08,5,3650.75,上海,男,33
U8125,范钧龙,P18934,哑铃,运动,403.07,2024-09-05 18:08:29,3,1209.21,北京,男,60
U7371,祁新江,P35018,历史书籍,书籍,141.3,2024-03-17 17:51:05,5,706.5,天津,女,65
U5308,邵军,P47710,四件套,家居,3699.2,2024-01-18 02:33:37,3,11097.6,杭州,女,20
U3823,袁栋,P58212,充电宝,电子产品,7611.44,2024-11-25 13:50:38,4,30445.76,天津,女,65
U7729,季文乐,P97325,运动鞋,服装,363.16,2024-08-20 23:45:24,5,1815.8,重庆,女,32
U5520,路斌保,P83460,四件套,家居,841.97,2024-04-04 11:53:07,3,2525.91,重庆,男,65
U4769,茅固晨,P79893,夹克,服装,756.86,2024-04-20 03:33:19,1,756.86,苏州,女,21
U3434,缪福,P61022,哑铃,运动,218.06,2024-09-07 01:23:27,3,654.18,南京,女,56
U6519,颜明世,P88065,显示器,电子产品,5849.34,2024-10-15 04:14:06,5,29246.7,天津,女,60
U2178,蓝心,P44120,台灯,家居,2803.0,2024-11-08 11:23:40,4,11212.0,西安,女,26
U2618,费永炎,P72158,夹克,服装,774.9,2024-05-25 00:42:58,1,774.9,西安,女,59
U5647,汤良旭,P60527,粉底液,美妆,306.1,2024-09-26 22:37:35,1,306.1,南京,女,60
U7801,汪峰发,P70535,化妆刷套装,美妆,220.2,2024-08-26 21:16:19,5,1101.0,成都,女,61
U7126,邓清旭,P91981,牛仔裤,服装,880.04,2024-09-11 15:58:28,1,880.04,西安,女,47
U2968,伍时,P58519,餐桌,家居,785.31,2024-12-07 10:01:05,5,3926.55,杭州,女,23
U8239,林明朋,P19914,蓝牙耳机,电子产品,6391.37,2024-01-26 21:29:43,1,6391.37,武汉,女,42
U6243,柯克,P40778,口红,美妆,156.0,2024-07-02 02:24:09,3,468.0,重庆,女,22
U9234,水盛和,P31039,桌游,玩具,540.26,2024-01-07 04:04:51,2,1080.52,重庆,男,53
U2435,任平,P73689,连衣裙,服装,404.93,2024-07-06 22:45:36,3,1214.79,上海,男,58
U2469,庞思达,P86571,变形金刚,玩具,250.34,2024-10-17 01:15:30,5,1251.7,苏州,女,48
U2454,季安志,P15472,香水,美妆,26.17,2024-09-24 15:53:03,3,78.51,南京,男,46
U4071,田炎冠,P11333,连衣裙,服装,984.11,2024-09-08 00:54:38,3,2952.33,成都,女,20
U9371,柳松,P51396,面霜,美妆,408.29,2024-08-13 00:52:03,3,1224.87,杭州,男,24
U2345,林民朋,P96436,毛绒玩具,玩具,219.05,2024-07-02 20:24:44,2,438.1,上海,男,50
U2024,董波浩,P15122,智能手表,电子产品,580.45,2024-11-24 12:52:45,2,1160.9,西安,女,44
U2149,崔伦明,P81466,餐桌,家居,1768.34,2024-12-12 23:53:20,3,5305.02,南京,男,53
U7415,秦志庆,P20230,运动鞋,服装,252.42,2024-09-13 07:15:01,1,252.42,上海,女,23
U7420,柯信广,P11799,山地车,运动,371.16,2024-09-07 08:08:57,4,1484.64,重庆,女,19
U1970,龚林海,P94665,收纳盒,家居,632.84,2024-11-10 03:26:25,3,1898.52,天津,男,22
U3847,虞若,P70110,餐桌,家居,4594.4,2024-03-21 09:51:26,3,13783.2,杭州,女,24
U2006,卜兴朗,P44366,技术教材,书籍,597.04,2024-03-23 18:54:22,1,597.04,北京,男,44
U7357,于飞和,P25255,毛绒玩具,玩具,350.43,2024-05-31 20:06:05,5,1752.15,苏州,男,26
U4854,宗贵祥,P36322,哑铃,运动,366.4,2024-05-28 17:42:34,5,1832.0,天津,女,52
U3714,邓邦壮,P97799,哑铃,运动,703.73,2024-11-14 14:33:12,5,3518.65,深圳,女,28
U5039,单光庆,P99159,夹克,服装,255.84,2024-01-19 08:23:17,3,767.52,北京,男,22
U3825,左东,P25306,篮球,运动,466.11,2024-12-18 08:31:17,3,1398.33,重庆,男,65
U7773,倪行盛,P61816,智能手机,电子产品,6008.92,2024-12-17 19:40:03,1,6008.92,武汉,女,18
U9526,万兴文,P27187,口红,美妆,757.85,2024-12-25 10:26:36,3,2273.55,武汉,女,47
U7446,黄鹏榕,P82540,羽绒服,服装,751.49,2024-06-22 14:53:20,1,751.49,重庆,男,41
U8200,方伯厚,P41751,笔记本电脑,电子产品,4139.42,2024-12-06 00:51:02,2,8278.84,武汉,男,43
U2388,伏栋,P24963,漫画,书籍,796.83,2024-11-29 06:18:10,3,2390.49,天津,男,23
U8715,傅裕世,P56615,智能手表,电子产品,5471.17,2024-12-02 13:53:42,1,5471.17,北京,女,41
U6417,单新安,P98199,面霜,美妆,912.82,2024-10-01 11:59:20,2,1825.64,天津,女,44
U7649,伏生刚,P45865,面霜,美妆,552.12,2024-03-12 00:27:36,4,2208.48,南京,女,58
U8199,罗政志,P36795,遥控车,玩具,624.56,2024-05-05 16:53:14,4,2498.24,苏州,男,57
U1328,谈翔友,P10295,充电宝,电子产品,6191.39,2024-10-31 00:27:20,4,24765.56,北京,男,43
U4128,徐峰仁,P23077,蓝牙耳机,电子产品,6749.17,2024-12-12 21:59:06,1,6749.17,南京,男,57
U7528,罗树顺,P66124,面霜,美妆,65.76,2024-07-25 17:23:09,4,263.04,深圳,男,59
U4020,虞利振,P64528,跳绳,运动,906.37,2024-06-28 17:59:34,1,906.37,上海,女,60
U2774,陈生乐,P87093,漫画,书籍,535.82,2024-05-01 04:01:06,4,2143.28,南京,女,59
U2716,宣有勇,P49767,哑铃,运动,93.0,2024-08-19 13:35:16,1,93.0,广州,女,63
U9681,昝松,P34734,芭比娃娃,玩具,510.4,2024-07-09 07:00:24,1,510.4,南京,女,20
U7944,闵清士,P83592,跳绳,运动,725.12,2024-10-16 11:44:27,4,2900.48,南京,男,56
U9943,倪炎,P33228,羽绒服,服装,373.0,2024-08-07 00:41:05,2,746.0,杭州,女,40
U5824,钮明晨,P58361,智能手表,电子产品,4910.77,2024-08-24 23:55:40,3,14732.31,北京,女,19
U1689,何松奇,P53585,毛绒玩具,玩具,453.18,2024-01-05 07:42:19,1,453.18,苏州,女,23
U5138,戴良若,P81610,智能手表,电子产品,5828.07,2024-01-30 17:47:53,4,23312.28,杭州,男,42
U6639,穆茂星,P40305,篮球,运动,795.59,2024-07-15 19:30:34,5,3977.95,成都,男,28
U9321,邬以东,P27978,智能手机,电子产品,824.62,2024-04-14 10:42:21,4,3298.48,重庆,男,37
U3239,董文杰,P59227,哑铃,运动,918.55,2024-11-08 08:51:53,5,4592.75,苏州,男,49
U1170,尹诚明,P97146,哑铃,运动,425.57,2024-12-03 12:05:01,1,425.57,杭州,女,54
U5761,刁志,P55405,连衣裙,服装,630.82,2024-10-23 13:25:44,3,1892.46,苏州,女,36
U1194,徐善楠,P50661,牛仔裤,服装,164.67,2024-08-31 21:24:00,3,494.01,成都,男,42
U6477,解绍河,P54652,充电宝,电子产品,3975.95,2024-03-02 16:54:04,5,19879.75,广州,女,55
U5511,于昌富,P62641,瑜伽垫,运动,237.82,2024-06-24 21:37:47,2,475.64,苏州,男,49
U8588,诸庆林,P29386,办公椅,家居,2773.09,2024-05-24 23:51:54,1,2773.09,上海,男,25
U2781,孔江友,P72695,连衣裙,服装,481.65,2024-10-16 20:14:37,1,481.65,上海,男,60
U7235,尤宁成,P76930,充电宝,电子产品,5086.0,2024-10-09 00:13:21,3,15258.0,杭州,男,28
U9307,毕安泰,P86602,台灯,家居,2229.18,2024-10-26 21:53:11,3,6687.54,上海,女,63
U2660,许彬若,P84561,乐高积木,玩具,709.56,2024-04-27 01:28:17,4,2838.24,成都,女,30
U7929,章弘,P90514,漫画,书籍,943.46,2024-10-18 15:26:31,1,943.46,成都,男,44
U4069,莫全行,P89116,桌游,玩具,581.18,2024-01-09 13:33:38,1,581.18,武汉,女,45
U8022,宣信裕,P47932,科幻小说,书籍,205.57,2024-03-01 21:48:07,2,411.14,杭州,男,28
U1462,何富诚,P78213,时尚杂志,书籍,872.15,2024-03-26 08:56:33,3,2616.45,武汉,男,31
U1015,骆固林,P65482,沙发,家居,2759.85,2024-05-10 21:56:00,3,8279.55,深圳,女,50
U3694,卜福,P45637,遥控车,玩具,402.83,2024-03-31 22:47:18,4,1611.32,武汉,男,57
U1535,雷保翰,P59306,显示器,电子产品,4167.1,2024-12-08 11:56:35,2,8334.2,深圳,男,55
U4521,尹承,P63781,连衣裙,服装,243.38,2024-06-11 16:18:10,5,1216.9,苏州,女,52
U7726,卢斌,P40717,历史书籍,书籍,542.95,2024-10-01 08:53:06,1,542.95,深圳,男,48
U4321,秦榕,P94414,香水,美妆,638.52,2024-05-26 22:46:19,4,2554.08,深圳,男,56
U8539,洪泰,P62515,四件套,家居,2846.51,2024-12-15 09:47:30,4,11386.04,南京,女,48
U7650,诸以彪,P75571,羽毛球拍,运动,291.3,2024-09-23 00:08:10,5,1456.5,重庆,女,29
U4014,水发,P69611,变形金刚,玩具,899.97,2024-10-14 02:25:21,4,3599.88,上海,女,41
U4561,谢轮国,P95096,运动鞋,服装,516.23,2024-04-26 18:45:06,1,516.23,南京,男,18
U9678,吴思,P68123,漫画,书籍,329.32,2024-08-16 12:57:16,3,987.96,武汉,男,42
U5923,姚祥,P66061,平板电脑,电子产品,6644.2,2024-04-18 23:33:12,5,33221.0,深圳,男,51
U6852,茅发,P20286,粉底液,美妆,183.24,2024-09-09 03:59:45,3,549.72,深圳,男,30
U9666,方磊,P50538,瑜伽垫,运动,202.89,2024-03-07 10:02:55,5,1014.45,北京,女,43
U7652,凌雄子,P82041,漫画,书籍,982.83,2024-04-23 08:23:11,1,982.83,重庆,女,35
U7315,经承和,P45206,收纳盒,家居,3059.25,2024-02-14 08:25:25,5,15296.25,南京,女,34
U6130,湛发军,P27130,技术教材,书籍,30.33,2024-10-29 19:20:32,4,121.32,上海,女,42
U4143,褚江辰,P30181,台灯,家居,1195.7,2024-12-03 22:58:08,3,3587.1,上海,女,18
U8246,闵承,P55526,羽绒服,服装,23.38,2024-01-27 10:18:48,4,93.52,重庆,男,32
U3459,童昌会,P63295,办公椅,家居,4428.87,2024-01-19 20:27:26,1,4428.87,上海,女,27
U6175,凤杰,P25735,哑铃,运动,587.54,2024-12-27 07:25:53,4,2350.16,苏州,女,58
U4414,强庆时,P32234,面霜,美妆,383.98,2024-05-23 01:20:59,3,1151.94,武汉,男,54
U3243,万亮,P65856,台灯,家居,4946.19,2024-12-19 20:57:13,3,14838.57,上海,男,20
U4054,计士,P47486,运动鞋,服装,529.12,2024-01-10 19:44:13,2,1058.24,武汉,女,49
U6456,郭若福,P63999,沙发,家居,2999.95,2024-06-19 11:00:29,4,11999.8,西安,女,63
U4908,王群峰,P16742,充电宝,电子产品,5903.21,2024-01-01 02:11:09,1,5903.21,深圳,女,22
U6986,云晨伟,P23445,蓝牙耳机,电子产品,8122.13,2024-01-16 16:23:02,2,16244.26,西安,男,60
U4957,罗江武,P14158,羽绒服,服装,448.46,2024-03-12 22:25:33,5,2242.3,广州,女,37
U3928,雷鹏福,P72173,羽绒服,服装,182.16,2024-08-15 23:12:34,3,546.48,杭州,女,65
U7759,韩世广,P10231,科幻小说,书籍,424.37,2024-05-10 04:29:59,4,1697.48,深圳,男,58
U3306,郝泰康,P40498,羽绒服,服装,765.76,2024-07-04 12:59:34,1,765.76,武汉,男,18
U9150,杜伯,P98527,技术教材,书籍,604.51,2024-02-15 12:33:45,5,3022.55,武汉,男,62
U8912,舒庆彬,P53319,科幻小说,书籍,630.69,2024-11-24 02:00:09,3,1892.07,南京,男,44
U3751,骆朗,P45106,牛仔裤,服装,125.07,2024-02-29 09:36:33,3,375.21,上海,男,34
U3817,季友腾,P29676,卫衣,服装,838.48,2024-03-25 16:35:43,4,3353.92,北京,男,64
U4598,沈俊宏,P98453,粉底液,美妆,883.48,2024-10-02 13:16:02,5,4417.4,重庆,男,54
U2461,魏良伟,P44974,跑步鞋,运动,374.54,2024-09-29 23:37:01,3,1123.62,天津,男,58
U1008,童辰友,P20521,粉底液,美妆,625.9,2024-10-29 17:40:55,1,625.9,北京,女,40
U3173,李峰致,P98055,瑜伽垫,运动,916.18,2024-10-24 10:35:38,2,1832.36,深圳,男,62
U3153,钱利,P86299,跳绳,运动,318.01,2024-09-19 01:05:31,3,954.03,广州,男,44
U5699,贝清成,P93015,显示器,电子产品,7425.66,2024-01-10 11:44:03,2,14851.32,苏州,男,29
U7346,邬富生,P20232,粉底液,美妆,696.73,2024-04-13 03:23:11,5,3483.65,南京,男,37
U2140,何晨清,P56719,显示器,电子产品,2015.6,2024-08-25 01:42:04,3,6046.8,广州,男,59
U5729,邱平文,P71465,技术教材,书籍,176.3,2024-10-31 07:25:39,5,881.5,杭州,女,31
U2846,贺涛,P88430,蓝牙耳机,电子产品,6403.55,2024-09-05 03:33:49,1,6403.55,上海,男,37
U3178,俞志健,P17802,平板电脑,电子产品,7022.31,2024-11-02 23:07:20,4,28089.24,武汉,男,45
U8026,柯克善,P83214,历史书籍,书籍,870.07,2024-06-07 12:46:03,4,3480.28,苏州,男,62
U2346,史腾时,P70772,技术教材,书籍,71.32,2024-09-02 14:14:08,4,285.28,北京,男,64
U9151,湛涛,P56554,连衣裙,服装,806.84,2024-02-24 13:42:50,4,3227.36,深圳,男,31
U2373,危利,P44904,四件套,家居,3289.7,2024-01-01 13:04:02,2,6579.4,南京,男,47
U2944,卞梁伦,P88591,台灯,家居,1107.32,2024-11-10 06:12:56,2,2214.64,北京,女,44
U8201,皮辉,P14329,芭比娃娃,玩具,820.31,2024-10-09 10:45:38,1,820.31,上海,男,58
U9797,毕世,P79082,面霜,美妆,689.07,2024-12-09 20:05:05,2,1378.14,杭州,女,62
U7139,章琛,P81242,跑步鞋,运动,799.35,2024-07-22 09:53:06,4,3197.4,武汉,女,32
U9479,汤盛,P86288,羽毛球拍,运动,153.74,2024-07-26 22:09:49,2,307.48,成都,男,37
U8679,苗心震,P22818,抱枕,家居,2158.99,2024-08-11 05:07:00,1,2158.99,天津,女,26
U4856,平彬,P97277,人物传记,书籍,990.45,2024-10-10 21:31:09,2,1980.9,天津,男,42
U7410,夏天,P31457,哑铃,运动,953.22,2024-01-06 21:12:27,5,4766.1,苏州,女,46
U2846,方俊亮,P93821,面霜,美妆,563.01,2024-10-21 17:17:44,2,1126.02,南京,女,56
U8093,汤绍腾,P57656,拼图,玩具,148.34,2024-04-23 08:47:46,5,741.7,武汉,女,47
U5699,任保时,P21794,餐桌,家居,3279.14,2024-06-20 21:29:36,3,9837.42,成都,女,62
U1415,范兴弘,P24606,卫衣,服装,121.21,2024-09-15 01:16:17,5,606.05,广州,女,22
U9920,郁成平,P66194,科幻小说,书籍,665.22,2024-03-02 17:01:35,3,1995.66,武汉,男,52
U8542,屈彬,P80382,瑜伽垫,运动,419.55,2024-01-13 10:40:28,4,1678.2,苏州,男,22
U2643,柏兴,P87057,跳绳,运动,474.63,2024-10-10 05:06:09,4,1898.52,武汉,女,20
